ID,ID,Date1,Date2,DistanceD,intersect?,MaxD,MinD,intersection_Area,Ratio_MinA,Ratio_MaxA,ID,Date1,Date2,DistanceD,intersect?,MaxD,MinD,intersection_Area,Ratio_MinA,Ratio_MaxA,ID,Date1,Date2,DistanceD,intersect?,MaxD,MinD,intersection_Area,Ratio_MinA,Ratio_MaxA,ID,Date1,Date2,DistanceD,intersect?,MaxD,MinD,intersection_Area,Ratio_MinA,Ratio_MaxA,ID,Date1,Date2,DistanceD,intersect?,MaxD,MinD,intersection_Area,Ratio_MinA,Ratio_MaxA,ID,Date1,Date2,DistanceD,intersect?,MaxD,MinD,intersection_Area,Ratio_MinA,Ratio_MaxA,ID,Date1,Date2,DistanceD,intersect?,MaxD,MinD,intersection_Area,Ratio_MinA,Ratio_MaxA,ID,Date1,Date2,DistanceD,intersect?,MaxD,MinD,intersection_Area,Ratio_MinA,Ratio_MaxA
0,0,03_28_2022,07_06_2022,,TRUE,,0,,,,0,07_06_2022,08_06_2022,,TRUE,,0,,,,0,08_06_2022,08_09_2022,,TRUE,,0,,,,0,08_09_2022,08_24_22,,TRUE,,0,,,,0,08_24_22,03_24_2023,,TRUE,,0,,,,0,03_24_2023,06_17_2023,,TRUE,,0,,,,0,06_17_2023,07_31_2023,,TRUE,,0,,,,0,07_31_2023,09_20_2023,,TRUE,,0,,,
1,1,03_28_2022,07_06_2022,0.223329443,FALSE,0.379837099,0.066821786,0,0,0,1,07_06_2022,08_06_2022,0.086301085,FALSE,0.16426477,0.0083374,0,0,0,1,08_06_2022,08_09_2022,0.027934579,FALSE,0.177991874,0,0,0,0,1,08_09_2022,08_24_22,0.053108613,FALSE,0.361646688,0,0,0,0,1,08_24_22,03_24_2023,0.128412836,FALSE,0.384083137,0,0,0,0,1,03_24_2023,06_17_2023,0.3469421,TRUE,0.775430714,0,0.006535175,0.897955155,0.014378829,1,06_17_2023,07_31_2023,0.184628625,FALSE,0.610487214,0,0,0,0,1,07_31_2023,09_20_2023,3.021751375,FALSE,5.853389052,0.190113697,0,0,0
2,2,03_28_2022,07_06_2022,0.11297547,TRUE,0.409588163,0,0.030149727,0.937609345,0.251245803,2,07_06_2022,08_06_2022,0.23867149,FALSE,0.463467353,0.013875628,0,0,0,2,08_06_2022,08_09_2022,0.044501277,FALSE,0.078701354,0.0103012,0,0,0,2,08_09_2022,08_24_22,0.08306104,FALSE,0.155500398,0.010621682,0,0,0,2,08_24_22,03_24_2023,,TRUE,,0,,,,2,03_24_2023,06_17_2023,,TRUE,,0,,,,2,06_17_2023,07_31_2023,,TRUE,,0,,,,2,07_31_2023,09_20_2023,0.101675162,TRUE,0.392289827,0,0.036574202,0.703352089,0.443823546
3,3,03_28_2022,07_06_2022,0.098652585,FALSE,0.177457028,0.019848142,0,0,0,3,07_06_2022,08_06_2022,1.997096746,FALSE,2.4824729,1.511720592,0,0,0,3,08_06_2022,08_09_2022,1.931704803,FALSE,2.443373404,1.420036201,0,0,0,3,08_09_2022,08_24_22,0.016237091,FALSE,0.310433374,0,0,0,0,3,08_24_22,03_24_2023,2.551008083,FALSE,2.948235364,2.153780802,0,0,0,3,03_24_2023,06_17_2023,2.537540624,FALSE,2.725272297,2.349808951,0,0,0,3,06_17_2023,07_31_2023,0.062867167,FALSE,0.349132741,0,0,0,0,3,07_31_2023,09_20_2023,0.187412191,TRUE,0.55735276,0,0.027154304,0.993496459,0.112921301
4,4,03_28_2022,07_06_2022,0.059541597,FALSE,0.303916516,0,0,0,0,4,07_06_2022,08_06_2022,,TRUE,,0,,,,4,08_06_2022,08_09_2022,,TRUE,,0,,,,4,08_09_2022,08_24_22,,TRUE,,0,,,,4,08_24_22,03_24_2023,,TRUE,,0,,,,4,03_24_2023,06_17_2023,,TRUE,,0,,,,4,06_17_2023,07_31_2023,0.005570253,FALSE,0.141904186,0,0,0,0,4,07_31_2023,09_20_2023,,TRUE,,0,,,
5,5,03_28_2022,07_06_2022,,TRUE,,0,,,,5,07_06_2022,08_06_2022,,TRUE,,0,,,,5,08_06_2022,08_09_2022,,TRUE,,0,,,,5,08_09_2022,08_24_22,,TRUE,,0,,,,5,08_24_22,03_24_2023,,TRUE,,0,,,,5,03_24_2023,06_17_2023,,TRUE,,0,,,,5,06_17_2023,07_31_2023,,TRUE,,0,,,,5,07_31_2023,09_20_2023,,TRUE,,0,,,
6,6,03_28_2022,07_06_2022,,TRUE,,0,,,,6,07_06_2022,08_06_2022,,TRUE,,0,,,,6,08_06_2022,08_09_2022,,TRUE,,0,,,,6,08_09_2022,08_24_22,,TRUE,,0,,,,6,08_24_22,03_24_2023,,TRUE,,0,,,,6,03_24_2023,06_17_2023,0.452071135,TRUE,0.965566565,0,0.007913978,0.212127432,0.015394393,6,06_17_2023,07_31_2023,0.361664517,FALSE,0.78965738,0,0,0,0,6,07_31_2023,09_20_2023,0.062974198,FALSE,0.096370224,0.029578172,0,0,0
7,7,03_28_2022,07_06_2022,0.190868719,TRUE,0.478110484,0,0.013546394,0.378437299,0.132350623,7,07_06_2022,08_06_2022,0.095223671,FALSE,0.404243669,0,0,0,0,7,08_06_2022,08_09_2022,0.16044861,TRUE,0.500346645,0,0.036609199,0.615275845,0.284805209,7,08_09_2022,08_24_22,0.08111763,FALSE,0.234499434,0,0,0,0,7,08_24_22,03_24_2023,0.076534498,FALSE,0.447470776,0,0,0,0,7,03_24_2023,06_17_2023,0.337608391,TRUE,0.807861037,0,0.02339117,0.562244209,0.059022246,7,06_17_2023,07_31_2023,0.086333624,TRUE,0.312666345,0,0.021168762,0.544378429,0.508825064,7,07_31_2023,09_20_2023,0.121837267,TRUE,0.459140799,0,0.038380539,0.98699855,0.239089533
8,8,03_28_2022,07_06_2022,0.116170037,FALSE,0.396216425,0,0,0,0,8,07_06_2022,08_06_2022,0.130579911,FALSE,0.362405553,0,0,0,0,8,08_06_2022,08_09_2022,0.058412399,FALSE,0.199939513,0,0,0,0,8,08_09_2022,08_24_22,0.04220403,TRUE,0.266995375,0,0.030232328,0.786096596,0.738550963,8,08_24_22,03_24_2023,,TRUE,,0,,,,8,03_24_2023,06_17_2023,,TRUE,,0,,,,8,06_17_2023,07_31_2023,,TRUE,,0,,,,8,07_31_2023,09_20_2023,0.106155551,TRUE,0.365241668,0,0.019346165,0.987581247,0.189809096
9,9,03_28_2022,07_06_2022,,TRUE,,0,,,,9,07_06_2022,08_06_2022,,TRUE,,0,,,,9,08_06_2022,08_09_2022,,TRUE,,0,,,,9,08_09_2022,08_24_22,,TRUE,,0,,,,9,08_24_22,03_24_2023,,TRUE,,0,,,,9,03_24_2023,06_17_2023,0.019321677,FALSE,0.081770897,0,0,0,0,9,06_17_2023,07_31_2023,0.014022054,FALSE,0.067287708,0,0,0,0,9,07_31_2023,09_20_2023,2.735931707,FALSE,4.815375826,0.656487588,0,0,0
10,10,03_28_2022,07_06_2022,,TRUE,,0,,,,10,07_06_2022,08_06_2022,,TRUE,,0,,,,10,08_06_2022,08_09_2022,,TRUE,,0,,,,10,08_09_2022,08_24_22,,TRUE,,0,,,,10,08_24_22,03_24_2023,,TRUE,,0,,,,10,03_24_2023,06_17_2023,,TRUE,,0,,,,10,06_17_2023,07_31_2023,0.042815158,FALSE,0.044971862,0.040658454,0,0,0,10,07_31_2023,09_20_2023,0.019916971,FALSE,0.026450206,0.013383736,0,0,0
11,11,03_28_2022,07_06_2022,,TRUE,,0,,,,11,07_06_2022,08_06_2022,,TRUE,,0,,,,11,08_06_2022,08_09_2022,,TRUE,,0,,,,11,08_09_2022,08_24_22,,TRUE,,0,,,,11,08_24_22,03_24_2023,,TRUE,,0,,,,11,03_24_2023,06_17_2023,0.356712447,FALSE,1.042346116,0,0,0,0,11,06_17_2023,07_31_2023,0.029646743,FALSE,1.171024516,0,0,0,0,11,07_31_2023,09_20_2023,0.068734054,FALSE,1.041413428,0,0,0,0
12,12,03_28_2022,07_06_2022,,TRUE,,0,,,,12,07_06_2022,08_06_2022,,TRUE,,0,,,,12,08_06_2022,08_09_2022,,TRUE,,0,,,,12,08_09_2022,08_24_22,,TRUE,,0,,,,12,08_24_22,03_24_2023,,TRUE,,0,,,,12,03_24_2023,06_17_2023,1.465777079,FALSE,1.537796322,1.393757836,0,0,0,12,06_17_2023,07_31_2023,0.038497149,FALSE,0.180188341,0,0,0,0,12,07_31_2023,09_20_2023,0.047571022,TRUE,0.226895701,0,0.016525223,0.788477648,0.551671747
13,13,03_28_2022,07_06_2022,0.243196906,TRUE,0.523595812,0,0.003503793,0.06356556,0.050959042,13,07_06_2022,08_06_2022,0.067243546,FALSE,0.243896038,0,0,0,0,13,08_06_2022,08_09_2022,0.007179874,FALSE,0.158650646,0,0,0,0,13,08_09_2022,08_24_22,0.06884668,TRUE,0.276066737,0,0.019682396,0.627234921,0.544387262,13,08_24_22,03_24_2023,0.040248084,FALSE,0.412497186,0,0,0,0,13,03_24_2023,06_17_2023,0.925607844,FALSE,1.314951117,0.53626457,0,0,0,13,06_17_2023,07_31_2023,0.073811142,TRUE,0.364832723,0,0.040854502,0.949397995,0.429601139,13,07_31_2023,09_20_2023,0.08334082,TRUE,0.398236581,0,0.050639648,0.811808765,0.532495791
14,14,03_28_2022,07_06_2022,,TRUE,,0,,,,14,07_06_2022,08_06_2022,,TRUE,,0,,,,14,08_06_2022,08_09_2022,,TRUE,,0,,,,14,08_09_2022,08_24_22,,TRUE,,0,,,,14,08_24_22,03_24_2023,,TRUE,,0,,,,14,03_24_2023,06_17_2023,,TRUE,,0,,,,14,06_17_2023,07_31_2023,,TRUE,,0,,,,14,07_31_2023,09_20_2023,,TRUE,,0,,,
15,15,03_28_2022,07_06_2022,0.392289249,FALSE,0.587027597,0.1975509,0,0,0,15,07_06_2022,08_06_2022,0.259101387,FALSE,0.424114751,0.094088023,0,0,0,15,08_06_2022,08_09_2022,0.135459566,FALSE,0.253200372,0.01771876,0,0,0,15,08_09_2022,08_24_22,0.188197609,TRUE,0.406811801,0,0.002230928,0.093983903,0.040947814,15,08_24_22,03_24_2023,,TRUE,,0,,,,15,03_24_2023,06_17_2023,,TRUE,,0,,,,15,06_17_2023,07_31_2023,0.101725071,FALSE,0.365966356,0,0,0,0,15,07_31_2023,09_20_2023,0.142972473,TRUE,0.31987594,0,0.001766424,0.443857633,0.028157204
16,16,03_28_2022,07_06_2022,0.207730119,TRUE,0.588884474,0,0.036537668,0.564977177,0.205879261,16,07_06_2022,08_06_2022,0.13411287,TRUE,0.497469856,0,0.046709817,0.941312172,0.263196399,16,08_06_2022,08_09_2022,0.052949484,TRUE,0.28656476,0,0.030129554,0.823203138,0.607181053,16,08_09_2022,08_24_22,0.148751872,TRUE,0.345972944,0,0.004272438,0.170597255,0.116732045,16,08_24_22,03_24_2023,1.536399781,FALSE,1.786100548,1.286699013,0,0,0,16,03_24_2023,06_17_2023,6.502586255,FALSE,7.349459074,5.655713435,0,0,0,16,06_17_2023,07_31_2023,0.380892546,TRUE,1.533677005,0,0.571517969,0.836560845,0.386059002,16,07_31_2023,09_20_2023,,TRUE,,0,,,
17,17,03_28_2022,07_06_2022,0.100502014,FALSE,0.108786641,0.092217386,0,0,0,17,07_06_2022,08_06_2022,0.059423913,FALSE,0.071176145,0.047671682,0,0,0,17,08_06_2022,08_09_2022,0.018893095,FALSE,0.05612738,0,0,0,0,17,08_09_2022,08_24_22,0.031530301,FALSE,0.148939322,0,0,0,0,17,08_24_22,03_24_2023,0.023386882,FALSE,0.140590961,0,0,0,0,17,03_24_2023,06_17_2023,0.036386685,TRUE,0.129545444,0,0.002591375,0.996514776,0.198960936,17,06_17_2023,07_31_2023,0.02847315,TRUE,0.15043197,0,0.008175025,0.785122442,0.627663192,17,07_31_2023,09_20_2023,2.579643904,FALSE,5.456597832,0,0,0,0
18,18,03_28_2022,07_06_2022,,TRUE,,0,,,,18,07_06_2022,08_06_2022,,TRUE,,0,,,,18,08_06_2022,08_09_2022,,TRUE,,0,,,,18,08_09_2022,08_24_22,,TRUE,,0,,,,18,08_24_22,03_24_2023,,TRUE,,0,,,,18,03_24_2023,06_17_2023,,TRUE,,0,,,,18,06_17_2023,07_31_2023,0.078275346,FALSE,0.119024092,0.0375266,0,0,0,18,07_31_2023,09_20_2023,0.062091372,TRUE,0.159352148,0,0.001655689,0.492539682,0.126485131
19,19,03_28_2022,07_06_2022,1.283792104,FALSE,1.841874857,0.725709351,0,0,0,19,07_06_2022,08_06_2022,0.0425851,FALSE,0.228792997,0,0,0,0,19,08_06_2022,08_09_2022,0.012300909,FALSE,0.136902317,0,0,0,0,19,08_09_2022,08_24_22,0.068012491,TRUE,0.148320828,0,0.000135285,0.95907373,0.007947924,19,08_24_22,03_24_2023,0.47935061,FALSE,0.567501241,0.391199978,0,0,0,19,03_24_2023,06_17_2023,1.24566284,FALSE,1.87156555,0.619760131,0,0,0,19,06_17_2023,07_31_2023,0.98142077,TRUE,2.080350018,0,0.039165201,0.042056195,0.04054939,19,07_31_2023,09_20_2023,0.060339755,TRUE,1.211812959,0,0.955199624,0.988958589,0.85310068
20,20,03_28_2022,07_06_2022,1.13720079,FALSE,1.432417983,0.841983598,0,0,0,20,07_06_2022,08_06_2022,0.086557913,FALSE,0.170671147,0.002444679,0,0,0,20,08_06_2022,08_09_2022,0.003875325,FALSE,0.111766633,0,0,0,0,20,08_09_2022,08_24_22,0.031025659,TRUE,0.119688718,0,0.002914268,0.950173366,0.281378647,20,08_24_22,03_24_2023,0.061033661,FALSE,0.104529309,0.017538013,0,0,0,20,03_24_2023,06_17_2023,0.196669822,FALSE,0.243170755,0.150168889,0,0,0,20,06_17_2023,07_31_2023,0.233786226,FALSE,0.353481552,0.114090899,0,0,0,20,07_31_2023,09_20_2023,,TRUE,,0,,,
21,21,03_28_2022,07_06_2022,,TRUE,,0,,,,21,07_06_2022,08_06_2022,,TRUE,,0,,,,21,08_06_2022,08_09_2022,,TRUE,,0,,,,21,08_09_2022,08_24_22,,TRUE,,0,,,,21,08_24_22,03_24_2023,,TRUE,,0,,,,21,03_24_2023,06_17_2023,,TRUE,,0,,,,21,06_17_2023,07_31_2023,,TRUE,,0,,,,21,07_31_2023,09_20_2023,,TRUE,,0,,,
22,22,03_28_2022,07_06_2022,2.987451876,FALSE,3.472192115,2.502711637,0,0,0,22,07_06_2022,08_06_2022,,TRUE,,0,,,,22,08_06_2022,08_09_2022,,TRUE,,0,,,,22,08_09_2022,08_24_22,,TRUE,,0,,,,22,08_24_22,03_24_2023,,TRUE,,0,,,,22,03_24_2023,06_17_2023,,TRUE,,0,,,,22,06_17_2023,07_31_2023,,TRUE,,0,,,,22,07_31_2023,09_20_2023,,TRUE,,0,,,
23,23,03_28_2022,07_06_2022,,TRUE,,0,,,,23,07_06_2022,08_06_2022,,TRUE,,0,,,,23,08_06_2022,08_09_2022,,TRUE,,0,,,,23,08_09_2022,08_24_22,,TRUE,,0,,,,23,08_24_22,03_24_2023,,TRUE,,0,,,,23,03_24_2023,06_17_2023,,TRUE,,0,,,,23,06_17_2023,07_31_2023,0.116541563,TRUE,0.486452176,0,0.062524062,0.793352147,0.444809234,23,07_31_2023,09_20_2023,0.010205089,FALSE,0.3303952,0,0,0,0
24,24,03_28_2022,07_06_2022,,TRUE,,0,,,,24,07_06_2022,08_06_2022,,TRUE,,0,,,,24,08_06_2022,08_09_2022,,TRUE,,0,,,,24,08_09_2022,08_24_22,,TRUE,,0,,,,24,08_24_22,03_24_2023,,TRUE,,0,,,,24,03_24_2023,06_17_2023,1.609449346,FALSE,1.928891459,1.290007234,0,0,0,24,06_17_2023,07_31_2023,0.10067383,FALSE,0.568408656,0,0,0,0,24,07_31_2023,09_20_2023,0.071671543,FALSE,0.534310666,0,0,0,0
25,25,03_28_2022,07_06_2022,0.239727604,FALSE,0.7349058,0,0,0,0,25,07_06_2022,08_06_2022,2.239870231,FALSE,2.367492126,2.112248336,0,0,0,25,08_06_2022,08_09_2022,0.884107641,FALSE,1.229561687,0.538653595,0,0,0,25,08_09_2022,08_24_22,0.388311188,FALSE,0.744756074,0.031866302,0,0,0,25,08_24_22,03_24_2023,1.518946128,FALSE,1.609315678,1.428576579,0,0,0,25,03_24_2023,06_17_2023,1.739750003,FALSE,1.837737073,1.641762933,0,0,0,25,06_17_2023,07_31_2023,0.046643198,TRUE,0.145016128,0,0.003140404,0.526888725,0.332676926,25,07_31_2023,09_20_2023,,TRUE,,0,,,
26,26,03_28_2022,07_06_2022,0.273941744,TRUE,0.955131454,0,0.164587678,0.819265983,0.285580007,26,07_06_2022,08_06_2022,0.201882313,FALSE,0.640300815,0,0,0,0,26,08_06_2022,08_09_2022,0.060963073,FALSE,0.181263563,0,0,0,0,26,08_09_2022,08_24_22,0.063370087,FALSE,0.196702231,0,0,0,0,26,08_24_22,03_24_2023,0.021999,TRUE,0.058142554,0,0.000262465,0.493970563,0.156044208,26,03_24_2023,06_17_2023,,TRUE,,0,,,,26,06_17_2023,07_31_2023,,TRUE,,0,,,,26,07_31_2023,09_20_2023,,TRUE,,0,,,
27,27,03_28_2022,07_06_2022,,TRUE,,0,,,,27,07_06_2022,08_06_2022,,TRUE,,0,,,,27,08_06_2022,08_09_2022,,TRUE,,0,,,,27,08_09_2022,08_24_22,,TRUE,,0,,,,27,08_24_22,03_24_2023,,TRUE,,0,,,,27,03_24_2023,06_17_2023,,TRUE,,0,,,,27,06_17_2023,07_31_2023,,TRUE,,0,,,,27,07_31_2023,09_20_2023,,TRUE,,0,,,
28,28,03_28_2022,07_06_2022,,TRUE,,0,,,,28,07_06_2022,08_06_2022,,TRUE,,0,,,,28,08_06_2022,08_09_2022,,TRUE,,0,,,,28,08_09_2022,08_24_22,,TRUE,,0,,,,28,08_24_22,03_24_2023,,TRUE,,0,,,,28,03_24_2023,06_17_2023,,TRUE,,0,,,,28,06_17_2023,07_31_2023,,TRUE,,0,,,,28,07_31_2023,09_20_2023,,TRUE,,0,,,
29,29,03_28_2022,07_06_2022,0.026818659,TRUE,0.06008888,0,8.47E-05,0.143565205,0.070460897,29,07_06_2022,08_06_2022,0.097592553,FALSE,0.144522823,0.050662284,0,0,0,29,08_06_2022,08_09_2022,0.03167801,FALSE,0.127272707,0,0,0,0,29,08_09_2022,08_24_22,0.058393333,TRUE,0.158255637,0,0.002033969,0.646986154,0.13907888,29,08_24_22,03_24_2023,0.101367923,FALSE,0.195290951,0.007444895,0,0,0,29,03_24_2023,06_17_2023,,TRUE,,0,,,,29,06_17_2023,07_31_2023,,TRUE,,0,,,,29,07_31_2023,09_20_2023,,TRUE,,0,,,
30,30,03_28_2022,07_06_2022,0.122593298,TRUE,0.410805106,0,0.030993236,0.490399128,0.460439975,30,07_06_2022,08_06_2022,2.275901353,FALSE,2.513549914,2.038252791,0,0,0,30,08_06_2022,08_09_2022,2.273521958,FALSE,2.443475964,2.103567952,0,0,0,30,08_09_2022,08_24_22,0.025949781,FALSE,0.117467538,0,0,0,0,30,08_24_22,03_24_2023,2.562589268,FALSE,2.804025934,2.321152602,0,0,0,30,03_24_2023,06_17_2023,2.163410364,FALSE,2.419600487,1.907220242,0,0,0,30,06_17_2023,07_31_2023,0.011043381,FALSE,0.093277136,0,0,0,0,30,07_31_2023,09_20_2023,0.011418776,FALSE,0.096852819,0,0,0,0
31,31,03_28_2022,07_06_2022,,TRUE,,0,,,,31,07_06_2022,08_06_2022,,TRUE,,0,,,,31,08_06_2022,08_09_2022,,TRUE,,0,,,,31,08_09_2022,08_24_22,,TRUE,,0,,,,31,08_24_22,03_24_2023,,TRUE,,0,,,,31,03_24_2023,06_17_2023,,TRUE,,0,,,,31,06_17_2023,07_31_2023,,TRUE,,0,,,,31,07_31_2023,09_20_2023,,TRUE,,0,,,
32,32,03_28_2022,07_06_2022,0.191141838,FALSE,0.694643858,0,0,0,0,32,07_06_2022,08_06_2022,0.53623761,FALSE,0.932213189,0.140262031,0,0,0,32,08_06_2022,08_09_2022,0.092573645,FALSE,0.142975835,0.042171454,0,0,0,32,08_09_2022,08_24_22,0.058922037,FALSE,0.189704456,0,0,0,0,32,08_24_22,03_24_2023,0.489101623,FALSE,0.674335409,0.303867836,0,0,0,32,03_24_2023,06_17_2023,,TRUE,,0,,,,32,06_17_2023,07_31_2023,,TRUE,,0,,,,32,07_31_2023,09_20_2023,,TRUE,,0,,,
33,33,03_28_2022,07_06_2022,,TRUE,,0,,,,33,07_06_2022,08_06_2022,0.07204525,FALSE,0.132389685,0.011700815,0,0,0,33,08_06_2022,08_09_2022,0.023572424,FALSE,0.037024099,0.010120749,0,0,0,33,08_09_2022,08_24_22,0,TRUE,0.026662527,0,0.000558332,1,1,33,08_24_22,03_24_2023,0.510099129,FALSE,0.813521779,0.20667648,0,0,0,33,03_24_2023,06_17_2023,,TRUE,,0,,,,33,06_17_2023,07_31_2023,,TRUE,,0,,,,33,07_31_2023,09_20_2023,,TRUE,,0,,,
34,34,03_28_2022,07_06_2022,0.045888236,FALSE,0.193149501,0,0,0,0,34,07_06_2022,08_06_2022,0.107183703,FALSE,0.202289623,0.012077783,0,0,0,34,08_06_2022,08_09_2022,0.05468359,TRUE,0.143403548,0,0.001209574,0.820900875,0.085608222,34,08_09_2022,08_24_22,0.025791322,FALSE,0.136285438,0,0,0,0,34,08_24_22,03_24_2023,0.07335419,TRUE,0.179943407,0,0.000960559,0.970243076,0.038742176,34,03_24_2023,06_17_2023,,TRUE,,0,,,,34,06_17_2023,07_31_2023,,TRUE,,0,,,,34,07_31_2023,09_20_2023,,TRUE,,0,,,
35,35,03_28_2022,07_06_2022,,TRUE,,0,,,,35,07_06_2022,08_06_2022,,TRUE,,0,,,,35,08_06_2022,08_09_2022,,TRUE,,0,,,,35,08_09_2022,08_24_22,,TRUE,,0,,,,35,08_24_22,03_24_2023,,TRUE,,0,,,,35,03_24_2023,06_17_2023,,TRUE,,0,,,,35,06_17_2023,07_31_2023,,TRUE,,0,,,,35,07_31_2023,09_20_2023,0.068035977,TRUE,0.719441107,0,0.283284426,0.956016562,0.760726341
36,36,03_28_2022,07_06_2022,,TRUE,,0,,,,36,07_06_2022,08_06_2022,,TRUE,,0,,,,36,08_06_2022,08_09_2022,,TRUE,,0,,,,36,08_09_2022,08_24_22,,TRUE,,0,,,,36,08_24_22,03_24_2023,,TRUE,,0,,,,36,03_24_2023,06_17_2023,,TRUE,,0,,,,36,06_17_2023,07_31_2023,0.038427582,FALSE,0.191994607,0,0,0,0,36,07_31_2023,09_20_2023,,TRUE,,0,,,
37,37,03_28_2022,07_06_2022,,TRUE,,0,,,,37,07_06_2022,08_06_2022,,TRUE,,0,,,,37,08_06_2022,08_09_2022,,TRUE,,0,,,,37,08_09_2022,08_24_22,,TRUE,,0,,,,37,08_24_22,03_24_2023,,TRUE,,0,,,,37,03_24_2023,06_17_2023,19.21426815,FALSE,20.26137721,18.1671591,0,0,0,37,06_17_2023,07_31_2023,0.100233911,TRUE,1.150052692,0,0.73673412,0.978895858,0.746826673,37,07_31_2023,09_20_2023,0.0226995,FALSE,1.025368526,0,0,0,0
38,38,03_28_2022,07_06_2022,,TRUE,,0,,,,38,07_06_2022,08_06_2022,,TRUE,,0,,,,38,08_06_2022,08_09_2022,,TRUE,,0,,,,38,08_09_2022,08_24_22,,TRUE,,0,,,,38,08_24_22,03_24_2023,,TRUE,,0,,,,38,03_24_2023,06_17_2023,,TRUE,,0,,,,38,06_17_2023,07_31_2023,,TRUE,,0,,,,38,07_31_2023,09_20_2023,,TRUE,,0,,,
39,39,03_28_2022,07_06_2022,0.034603948,FALSE,0.134272038,0,0,0,0,39,07_06_2022,08_06_2022,0.082785986,FALSE,0.165039337,0.000532634,0,0,0,39,08_06_2022,08_09_2022,0.043347223,FALSE,0.193694744,0,0,0,0,39,08_09_2022,08_24_22,0.077306743,TRUE,0.245605295,0,0.009331616,0.617706686,0.303347367,39,08_24_22,03_24_2023,0.069580937,TRUE,0.162156419,0,0.000776467,0.457972936,0.051398265,39,03_24_2023,06_17_2023,,TRUE,,0,,,,39,06_17_2023,07_31_2023,,TRUE,,0,,,,39,07_31_2023,09_20_2023,,TRUE,,0,,,
40,40,03_28_2022,07_06_2022,,TRUE,,0,,,,40,07_06_2022,08_06_2022,,TRUE,,0,,,,40,08_06_2022,08_09_2022,,TRUE,,0,,,,40,08_09_2022,08_24_22,,TRUE,,0,,,,40,08_24_22,03_24_2023,,TRUE,,0,,,,40,03_24_2023,06_17_2023,0.860637878,FALSE,1.382384479,0.338891277,0,0,0,40,06_17_2023,07_31_2023,,TRUE,,0,,,,40,07_31_2023,09_20_2023,,TRUE,,0,,,
41,41,03_28_2022,07_06_2022,0.035845475,TRUE,0.084886038,0,0.000295202,0.239080299,0.110088332,41,07_06_2022,08_06_2022,0.123875351,FALSE,0.163798289,0.083952412,0,0,0,41,08_06_2022,08_09_2022,0.055950786,TRUE,0.141754801,0,0.000979525,0.771902433,0.072219529,41,08_09_2022,08_24_22,0.065918049,TRUE,0.19509016,0,0.004973851,0.393061144,0.366717724,41,08_24_22,03_24_2023,0.042110126,TRUE,0.127183969,0,0.001465441,0.999073362,0.115807267,41,03_24_2023,06_17_2023,,TRUE,,0,,,,41,06_17_2023,07_31_2023,,TRUE,,0,,,,41,07_31_2023,09_20_2023,,TRUE,,0,,,
42,42,03_28_2022,07_06_2022,,TRUE,,0,,,,42,07_06_2022,08_06_2022,,TRUE,,0,,,,42,08_06_2022,08_09_2022,,TRUE,,0,,,,42,08_09_2022,08_24_22,,TRUE,,0,,,,42,08_24_22,03_24_2023,,TRUE,,0,,,,42,03_24_2023,06_17_2023,,TRUE,,0,,,,42,06_17_2023,07_31_2023,,TRUE,,0,,,,42,07_31_2023,09_20_2023,0.048168882,FALSE,0.129111358,0,0,0,0
43,43,03_28_2022,07_06_2022,0.188970677,FALSE,0.28674718,0.091194173,0,0,0,43,07_06_2022,08_06_2022,,TRUE,,0,,,,43,08_06_2022,08_09_2022,,TRUE,,0,,,,43,08_09_2022,08_24_22,0.076432389,TRUE,0.288968777,0,0.019589973,0.556225854,0.548169831,43,08_24_22,03_24_2023,,TRUE,,0,,,,43,03_24_2023,06_17_2023,,TRUE,,0,,,,43,06_17_2023,07_31_2023,,TRUE,,0,,,,43,07_31_2023,09_20_2023,,TRUE,,0,,,
44,44,03_28_2022,07_06_2022,0.188001859,TRUE,0.481764629,0,0.011807534,0.813928995,0.073709851,44,07_06_2022,08_06_2022,0.130999927,FALSE,0.449611403,0,0,0,0,44,08_06_2022,08_09_2022,0.024132605,FALSE,0.183205326,0,0,0,0,44,08_09_2022,08_24_22,0.038354721,FALSE,0.10824921,0,0,0,0,44,08_24_22,03_24_2023,0.030107885,FALSE,0.181761047,0,0,0,0,44,03_24_2023,06_17_2023,1.888923911,FALSE,2.051935298,1.725912524,0,0,0,44,06_17_2023,07_31_2023,0.034121002,FALSE,0.067270358,0.000971646,0,0,0,44,07_31_2023,09_20_2023,0.030599668,FALSE,0.059750476,0.00144886,0,0,0
45,45,03_28_2022,07_06_2022,0.633787536,FALSE,0.647117562,0.62045751,0,0,0,45,07_06_2022,08_06_2022,0.065284832,FALSE,0.109703606,0.020866058,0,0,0,45,08_06_2022,08_09_2022,0.092639404,FALSE,0.312007347,0,0,0,0,45,08_09_2022,08_24_22,0.034771771,FALSE,0.248417725,0,0,0,0,45,08_24_22,03_24_2023,0.05544817,TRUE,0.154468042,0,0.002262322,0.616383606,0.171287337,45,03_24_2023,06_17_2023,,TRUE,,0,,,,45,06_17_2023,07_31_2023,,TRUE,,0,,,,45,07_31_2023,09_20_2023,,TRUE,,0,,,
46,46,03_28_2022,07_06_2022,,TRUE,,0,,,,46,07_06_2022,08_06_2022,,TRUE,,0,,,,46,08_06_2022,08_09_2022,,TRUE,,0,,,,46,08_09_2022,08_24_22,,TRUE,,0,,,,46,08_24_22,03_24_2023,,TRUE,,0,,,,46,03_24_2023,06_17_2023,0.339533352,FALSE,0.846118044,0,0,0,0,46,06_17_2023,07_31_2023,0.047166452,FALSE,0.925007242,0,0,0,0,46,07_31_2023,09_20_2023,,TRUE,,0,,,
47,47,03_28_2022,07_06_2022,,TRUE,,0,,,,47,07_06_2022,08_06_2022,,TRUE,,0,,,,47,08_06_2022,08_09_2022,,TRUE,,0,,,,47,08_09_2022,08_24_22,,TRUE,,0,,,,47,08_24_22,03_24_2023,0.008278697,FALSE,0.24127354,0,0,0,0,47,03_24_2023,06_17_2023,0.130919776,TRUE,0.338703689,0,0.007379095,0.594351462,0.111840635,47,06_17_2023,07_31_2023,,TRUE,,0,,,,47,07_31_2023,09_20_2023,,TRUE,,0,,,
48,48,03_28_2022,07_06_2022,,TRUE,,0,,,,48,07_06_2022,08_06_2022,,TRUE,,0,,,,48,08_06_2022,08_09_2022,,TRUE,,0,,,,48,08_09_2022,08_24_22,,TRUE,,0,,,,48,08_24_22,03_24_2023,,TRUE,,0,,,,48,03_24_2023,06_17_2023,,TRUE,,0,,,,48,06_17_2023,07_31_2023,,TRUE,,0,,,,48,07_31_2023,09_20_2023,,TRUE,,0,,,
49,49,03_28_2022,07_06_2022,0.044510227,FALSE,0.296046348,0,0,0,0,49,07_06_2022,08_06_2022,0.116052791,TRUE,0.27310561,0,0.002960398,0.184254586,0.128787488,49,08_06_2022,08_09_2022,0.030090424,TRUE,0.19339941,0,0.015200971,0.946105298,0.574226757,49,08_09_2022,08_24_22,0.120484383,TRUE,0.263471132,0,0.001115022,0.135435826,0.04212069,49,08_24_22,03_24_2023,0.215170651,FALSE,0.366204628,0.064136674,0,0,0,49,03_24_2023,06_17_2023,,TRUE,,0,,,,49,06_17_2023,07_31_2023,,TRUE,,0,,,,49,07_31_2023,09_20_2023,,TRUE,,0,,,
50,50,03_28_2022,07_06_2022,,TRUE,,0,,,,50,07_06_2022,08_06_2022,,TRUE,,0,,,,50,08_06_2022,08_09_2022,,TRUE,,0,,,,50,08_09_2022,08_24_22,,TRUE,,0,,,,50,08_24_22,03_24_2023,,TRUE,,0,,,,50,03_24_2023,06_17_2023,,TRUE,,0,,,,50,06_17_2023,07_31_2023,,TRUE,,0,,,,50,07_31_2023,09_20_2023,,TRUE,,0,,,
51,51,03_28_2022,07_06_2022,,TRUE,,0,,,,51,07_06_2022,08_06_2022,,TRUE,,0,,,,51,08_06_2022,08_09_2022,,TRUE,,0,,,,51,08_09_2022,08_24_22,,TRUE,,0,,,,51,08_24_22,03_24_2023,,TRUE,,0,,,,51,03_24_2023,06_17_2023,,TRUE,,0,,,,51,06_17_2023,07_31_2023,,TRUE,,0,,,,51,07_31_2023,09_20_2023,,TRUE,,0,,,
52,52,03_28_2022,07_06_2022,,TRUE,,0,,,,52,07_06_2022,08_06_2022,,TRUE,,0,,,,52,08_06_2022,08_09_2022,,TRUE,,0,,,,52,08_09_2022,08_24_22,,TRUE,,0,,,,52,08_24_22,03_24_2023,,TRUE,,0,,,,52,03_24_2023,06_17_2023,,TRUE,,0,,,,52,06_17_2023,07_31_2023,0.644394227,TRUE,1.396472282,0,0.026805161,0.119429282,0.036304502,52,07_31_2023,09_20_2023,0.037743186,TRUE,1.025944951,0,0.725316442,0.982357545,0.91102786
53,53,03_28_2022,07_06_2022,,TRUE,,0,,,,53,07_06_2022,08_06_2022,,TRUE,,0,,,,53,08_06_2022,08_09_2022,,TRUE,,0,,,,53,08_09_2022,08_24_22,,TRUE,,0,,,,53,08_24_22,03_24_2023,,TRUE,,0,,,,53,03_24_2023,06_17_2023,,TRUE,,0,,,,53,06_17_2023,07_31_2023,,TRUE,,0,,,,53,07_31_2023,09_20_2023,,TRUE,,0,,,
54,54,03_28_2022,07_06_2022,,TRUE,,0,,,,54,07_06_2022,08_06_2022,,TRUE,,0,,,,54,08_06_2022,08_09_2022,1.940171854,FALSE,2.066782427,1.813561282,0,0,0,54,08_09_2022,08_24_22,1.928445585,FALSE,2.462373459,1.394517711,0,0,0,54,08_24_22,03_24_2023,1.21601183,FALSE,1.733635886,0.698387773,0,0,0,54,03_24_2023,06_17_2023,,TRUE,,0,,,,54,06_17_2023,07_31_2023,,TRUE,,0,,,,54,07_31_2023,09_20_2023,,TRUE,,0,,,
55,55,03_28_2022,07_06_2022,1.034087565,FALSE,1.768686707,0.299488422,0,0,0,55,07_06_2022,08_06_2022,,TRUE,,0,,,,55,08_06_2022,08_09_2022,,TRUE,,0,,,,55,08_09_2022,08_24_22,0.055436036,FALSE,0.164022731,0,0,0,0,55,08_24_22,03_24_2023,0.030941394,FALSE,0.307240031,0,0,0,0,55,03_24_2023,06_17_2023,0.965359689,FALSE,1.287613717,0.643105661,0,0,0,55,06_17_2023,07_31_2023,0.280193982,TRUE,0.561472528,0,1.50E-05,0.001157049,0.000101054,55,07_31_2023,09_20_2023,,TRUE,,0,,,
56,56,03_28_2022,07_06_2022,0.02244505,TRUE,0.105002119,0,0.003461529,0.779389952,0.545144566,56,07_06_2022,08_06_2022,0.104252542,TRUE,0.251130018,0,0.002433466,0.547913681,0.064864909,56,08_06_2022,08_09_2022,0.073386729,TRUE,0.25778893,0,0.012851258,0.724830064,0.342554886,56,08_09_2022,08_24_22,0.002646403,FALSE,0.261665112,0,0,0,0,56,08_24_22,03_24_2023,0.04170127,FALSE,0.231419738,0,0,0,0,56,03_24_2023,06_17_2023,,TRUE,,0,,,,56,06_17_2023,07_31_2023,,TRUE,,0,,,,56,07_31_2023,09_20_2023,,TRUE,,0,,,
57,57,03_28_2022,07_06_2022,0.260411417,FALSE,0.630183471,0,0,0,0,57,07_06_2022,08_06_2022,0.204410735,FALSE,0.617185893,0,0,0,0,57,08_06_2022,08_09_2022,0.067551586,FALSE,0.151447828,0,0,0,0,57,08_09_2022,08_24_22,0.104428732,FALSE,0.138537746,0.070319718,0,0,0,57,08_24_22,03_24_2023,0.034769724,TRUE,0.070059338,0,1.26E-06,0.03005127,0.000399231,57,03_24_2023,06_17_2023,0.558122115,FALSE,0.698314814,0.417929417,0,0,0,57,06_17_2023,07_31_2023,0.043902914,FALSE,0.19767235,0,0,0,0,57,07_31_2023,09_20_2023,,TRUE,,0,,,
58,58,03_28_2022,07_06_2022,0.143694059,FALSE,0.375087327,0,0,0,0,58,07_06_2022,08_06_2022,0.281499057,FALSE,0.522345695,0.040652419,0,0,0,58,08_06_2022,08_09_2022,0.164249692,FALSE,0.439276297,0,0,0,0,58,08_09_2022,08_24_22,0.420934304,FALSE,0.764846662,0.077021946,0,0,0,58,08_24_22,03_24_2023,,TRUE,,0,,,,58,03_24_2023,06_17_2023,,TRUE,,0,,,,58,06_17_2023,07_31_2023,,TRUE,,0,,,,58,07_31_2023,09_20_2023,,TRUE,,0,,,
59,59,03_28_2022,07_06_2022,0.315233735,TRUE,0.802300941,0,0.043634603,0.312404084,0.182050913,59,07_06_2022,08_06_2022,,TRUE,,0,,,,59,08_06_2022,08_09_2022,,TRUE,,0,,,,59,08_09_2022,08_24_22,,TRUE,,0,,,,59,08_24_22,03_24_2023,,TRUE,,0,,,,59,03_24_2023,06_17_2023,,TRUE,,0,,,,59,06_17_2023,07_31_2023,,TRUE,,0,,,,59,07_31_2023,09_20_2023,,TRUE,,0,,,
60,60,03_28_2022,07_06_2022,,TRUE,,0,,,,60,07_06_2022,08_06_2022,0.141504621,FALSE,0.260201086,0.022808156,0,0,0,60,08_06_2022,08_09_2022,0.040212922,TRUE,0.142421619,0,0.003018712,0.999999941,0.189488705,60,08_09_2022,08_24_22,0.051411727,TRUE,0.210374882,0,0.011585027,0.727208043,0.47888033,60,08_24_22,03_24_2023,,TRUE,,0,,,,60,03_24_2023,06_17_2023,,TRUE,,0,,,,60,06_17_2023,07_31_2023,1.217612438,FALSE,2.377399868,0.057825008,0,0,0,60,07_31_2023,09_20_2023,,TRUE,,0,,,
61,61,03_28_2022,07_06_2022,,TRUE,,0,,,,61,07_06_2022,08_06_2022,,TRUE,,0,,,,61,08_06_2022,08_09_2022,,TRUE,,0,,,,61,08_09_2022,08_24_22,,TRUE,,0,,,,61,08_24_22,03_24_2023,,TRUE,,0,,,,61,03_24_2023,06_17_2023,,TRUE,,0,,,,61,06_17_2023,07_31_2023,0.116833433,TRUE,0.82125918,0,0.282650894,0.985409873,0.556008746,61,07_31_2023,09_20_2023,0.011674844,FALSE,0.721533754,0,0,0,0
62,62,03_28_2022,07_06_2022,,TRUE,,0,,,,62,07_06_2022,08_06_2022,,TRUE,,0,,,,62,08_06_2022,08_09_2022,,TRUE,,0,,,,62,08_09_2022,08_24_22,,TRUE,,0,,,,62,08_24_22,03_24_2023,,TRUE,,0,,,,62,03_24_2023,06_17_2023,,TRUE,,0,,,,62,06_17_2023,07_31_2023,,TRUE,,0,,,,62,07_31_2023,09_20_2023,,TRUE,,0,,,
63,63,03_28_2022,07_06_2022,0.185064074,TRUE,0.389488634,0,0.000605919,0.440588933,0.005727738,63,07_06_2022,08_06_2022,0.167223158,FALSE,0.366185519,0,0,0,0,63,08_06_2022,08_09_2022,0.233099893,FALSE,0.285106639,0.181093148,0,0,0,63,08_09_2022,08_24_22,0.124900497,FALSE,0.161898763,0.087902231,0,0,0,63,08_24_22,03_24_2023,0.236763253,FALSE,0.332341114,0.141185392,0,0,0,63,03_24_2023,06_17_2023,,TRUE,,0,,,,63,06_17_2023,07_31_2023,,TRUE,,0,,,,63,07_31_2023,09_20_2023,,TRUE,,0,,,
64,64,03_28_2022,07_06_2022,0.06276811,TRUE,0.159137074,0,0.001365443,0.652232069,0.087311757,64,07_06_2022,08_06_2022,0.099588914,TRUE,0.23680285,0,0.002439828,0.17477843,0.156012087,64,08_06_2022,08_09_2022,0.033084395,TRUE,0.163905581,0,0.009152063,0.707644089,0.655613053,64,08_09_2022,08_24_22,0.018517658,FALSE,0.120438522,0,0,0,0,64,08_24_22,03_24_2023,0.014722827,TRUE,0.094192751,0,0.003766008,0.840796421,0.689019139,64,03_24_2023,06_17_2023,,TRUE,,0,,,,64,06_17_2023,07_31_2023,,TRUE,,0,,,,64,07_31_2023,09_20_2023,,TRUE,,0,,,
65,65,03_28_2022,07_06_2022,,TRUE,,0,,,,65,07_06_2022,08_06_2022,,TRUE,,0,,,,65,08_06_2022,08_09_2022,,TRUE,,0,,,,65,08_09_2022,08_24_22,,TRUE,,0,,,,65,08_24_22,03_24_2023,,TRUE,,0,,,,65,03_24_2023,06_17_2023,,TRUE,,0,,,,65,06_17_2023,07_31_2023,0.027030798,FALSE,0.157055342,0,0,0,0,65,07_31_2023,09_20_2023,2.777914411,FALSE,5.090706109,0.465122712,0,0,0
66,66,03_28_2022,07_06_2022,1.788829737,FALSE,1.93796984,1.639689634,0,0,0,66,07_06_2022,08_06_2022,,TRUE,,0,,,,66,08_06_2022,08_09_2022,,TRUE,,0,,,,66,08_09_2022,08_24_22,,TRUE,,0,,,,66,08_24_22,03_24_2023,,TRUE,,0,,,,66,03_24_2023,06_17_2023,,TRUE,,0,,,,66,06_17_2023,07_31_2023,,TRUE,,0,,,,66,07_31_2023,09_20_2023,,TRUE,,0,,,
67,67,03_28_2022,07_06_2022,,TRUE,,0,,,,67,07_06_2022,08_06_2022,,TRUE,,0,,,,67,08_06_2022,08_09_2022,,TRUE,,0,,,,67,08_09_2022,08_24_22,,TRUE,,0,,,,67,08_24_22,03_24_2023,,TRUE,,0,,,,67,03_24_2023,06_17_2023,2.122831109,FALSE,2.218500163,2.027162055,0,0,0,67,06_17_2023,07_31_2023,0.016645865,TRUE,0.167339168,0,0.014472696,0.991931511,0.676121032,67,07_31_2023,09_20_2023,0.00082127,FALSE,0.191959036,0,0,0,0
68,68,03_28_2022,07_06_2022,,TRUE,,0,,,,68,07_06_2022,08_06_2022,,TRUE,,0,,,,68,08_06_2022,08_09_2022,,TRUE,,0,,,,68,08_09_2022,08_24_22,,TRUE,,0,,,,68,08_24_22,03_24_2023,,TRUE,,0,,,,68,03_24_2023,06_17_2023,2.340117772,FALSE,2.693515151,1.986720393,0,0,0,68,06_17_2023,07_31_2023,,TRUE,,0,,,,68,07_31_2023,09_20_2023,,TRUE,,0,,,
69,69,03_28_2022,07_06_2022,,TRUE,,0,,,,69,07_06_2022,08_06_2022,,TRUE,,0,,,,69,08_06_2022,08_09_2022,,TRUE,,0,,,,69,08_09_2022,08_24_22,,TRUE,,0,,,,69,08_24_22,03_24_2023,,TRUE,,0,,,,69,03_24_2023,06_17_2023,1.640350395,FALSE,1.798500908,1.482199882,0,0,0,69,06_17_2023,07_31_2023,0.100118415,TRUE,0.214354818,0,0.000381418,0.278198293,0.01393349,69,07_31_2023,09_20_2023,0.06975607,FALSE,0.331421686,0,0,0,0
70,70,03_28_2022,07_06_2022,0.211285031,FALSE,0.368013835,0.054556227,0,0,0,70,07_06_2022,08_06_2022,0.364420452,FALSE,0.535521277,0.193319627,0,0,0,70,08_06_2022,08_09_2022,0.106384802,FALSE,0.164578744,0.04819086,0,0,0,70,08_09_2022,08_24_22,0.023625896,FALSE,0.11806016,0,0,0,0,70,08_24_22,03_24_2023,,TRUE,,0,,,,70,03_24_2023,06_17_2023,,TRUE,,0,,,,70,06_17_2023,07_31_2023,,TRUE,,0,,,,70,07_31_2023,09_20_2023,,TRUE,,0,,,
71,71,03_28_2022,07_06_2022,,TRUE,,0,,,,71,07_06_2022,08_06_2022,,TRUE,,0,,,,71,08_06_2022,08_09_2022,,TRUE,,0,,,,71,08_09_2022,08_24_22,,TRUE,,0,,,,71,08_24_22,03_24_2023,,TRUE,,0,,,,71,03_24_2023,06_17_2023,,TRUE,,0,,,,71,06_17_2023,07_31_2023,,TRUE,,0,,,,71,07_31_2023,09_20_2023,,TRUE,,0,,,
72,72,03_28_2022,07_06_2022,,TRUE,,0,,,,72,07_06_2022,08_06_2022,,TRUE,,0,,,,72,08_06_2022,08_09_2022,,TRUE,,0,,,,72,08_09_2022,08_24_22,,TRUE,,0,,,,72,08_24_22,03_24_2023,,TRUE,,0,,,,72,03_24_2023,06_17_2023,,TRUE,,0,,,,72,06_17_2023,07_31_2023,,TRUE,,0,,,,72,07_31_2023,09_20_2023,,TRUE,,0,,,
73,73,03_28_2022,07_06_2022,,TRUE,,0,,,,73,07_06_2022,08_06_2022,,TRUE,,0,,,,73,08_06_2022,08_09_2022,,TRUE,,0,,,,73,08_09_2022,08_24_22,0.286795033,FALSE,0.401169061,0.172421005,0,0,0,73,08_24_22,03_24_2023,,TRUE,,0,,,,73,03_24_2023,06_17_2023,,TRUE,,0,,,,73,06_17_2023,07_31_2023,,TRUE,,0,,,,73,07_31_2023,09_20_2023,,TRUE,,0,,,
74,74,03_28_2022,07_06_2022,,TRUE,,0,,,,74,07_06_2022,08_06_2022,,TRUE,,0,,,,74,08_06_2022,08_09_2022,,TRUE,,0,,,,74,08_09_2022,08_24_22,,TRUE,,0,,,,74,08_24_22,03_24_2023,,TRUE,,0,,,,74,03_24_2023,06_17_2023,1.32388161,FALSE,1.500940203,1.146823018,0,0,0,74,06_17_2023,07_31_2023,,TRUE,,0,,,,74,07_31_2023,09_20_2023,,TRUE,,0,,,
75,75,03_28_2022,07_06_2022,,TRUE,,0,,,,75,07_06_2022,08_06_2022,,TRUE,,0,,,,75,08_06_2022,08_09_2022,,TRUE,,0,,,,75,08_09_2022,08_24_22,,TRUE,,0,,,,75,08_24_22,03_24_2023,,TRUE,,0,,,,75,03_24_2023,06_17_2023,0.668168054,FALSE,1.150872565,0.185463543,0,0,0,75,06_17_2023,07_31_2023,0.072312273,TRUE,0.948844265,0,0.526464683,0.98000572,0.78168694,75,07_31_2023,09_20_2023,0.059379887,TRUE,1.004985093,0,0.643380188,0.955281345,0.879341039
76,76,03_28_2022,07_06_2022,,TRUE,,0,,,,76,07_06_2022,08_06_2022,,TRUE,,0,,,,76,08_06_2022,08_09_2022,,TRUE,,0,,,,76,08_09_2022,08_24_22,,TRUE,,0,,,,76,08_24_22,03_24_2023,,TRUE,,0,,,,76,03_24_2023,06_17_2023,,TRUE,,0,,,,76,06_17_2023,07_31_2023,,TRUE,,0,,,,76,07_31_2023,09_20_2023,0.138279062,FALSE,0.248659632,0.027898493,0,0,0
77,77,03_28_2022,07_06_2022,,TRUE,,0,,,,77,07_06_2022,08_06_2022,,TRUE,,0,,,,77,08_06_2022,08_09_2022,,TRUE,,0,,,,77,08_09_2022,08_24_22,,TRUE,,0,,,,77,08_24_22,03_24_2023,,TRUE,,0,,,,77,03_24_2023,06_17_2023,0.197520456,FALSE,0.288539541,0.106501371,0,0,0,77,06_17_2023,07_31_2023,0.592028108,FALSE,1.337773057,0,0,0,0,77,07_31_2023,09_20_2023,0.547759869,FALSE,1.315070731,0,0,0,0
78,78,03_28_2022,07_06_2022,,TRUE,,0,,,,78,07_06_2022,08_06_2022,,TRUE,,0,,,,78,08_06_2022,08_09_2022,0.086645867,FALSE,0.372648708,0,0,0,0,78,08_09_2022,08_24_22,0.046331536,FALSE,0.271256602,0,0,0,0,78,08_24_22,03_24_2023,0.139603157,FALSE,0.328030049,0,0,0,0,78,03_24_2023,06_17_2023,,TRUE,,0,,,,78,06_17_2023,07_31_2023,,TRUE,,0,,,,78,07_31_2023,09_20_2023,,TRUE,,0,,,
79,79,03_28_2022,07_06_2022,0.16651328,FALSE,0.731678623,0,0,0,0,79,07_06_2022,08_06_2022,0.182169369,FALSE,0.649278748,0,0,0,0,79,08_06_2022,08_09_2022,0.671934508,FALSE,0.810465125,0.533403891,0,0,0,79,08_09_2022,08_24_22,0.12116675,FALSE,0.239969005,0.002364494,0,0,0,79,08_24_22,03_24_2023,0.741562407,FALSE,0.86616336,0.616961454,0,0,0,79,03_24_2023,06_17_2023,,TRUE,,0,,,,79,06_17_2023,07_31_2023,,TRUE,,0,,,,79,07_31_2023,09_20_2023,,TRUE,,0,,,
80,80,03_28_2022,07_06_2022,,TRUE,,0,,,,80,07_06_2022,08_06_2022,,TRUE,,0,,,,80,08_06_2022,08_09_2022,,TRUE,,0,,,,80,08_09_2022,08_24_22,0.036278428,FALSE,0.117736643,0,0,0,0,80,08_24_22,03_24_2023,0.11921497,TRUE,0.269935798,0,0.001981473,0.111163451,0.110953631,80,03_24_2023,06_17_2023,2.679288832,FALSE,2.829510734,2.52906693,0,0,0,80,06_17_2023,07_31_2023,0.013718772,FALSE,0.135273567,0,0,0,0,80,07_31_2023,09_20_2023,0.038143461,FALSE,0.194562107,0,0,0,0
81,81,03_28_2022,07_06_2022,0.196586405,FALSE,0.345914409,0.047258401,0,0,0,81,07_06_2022,08_06_2022,0.208248371,FALSE,0.28903772,0.127459022,0,0,0,81,08_06_2022,08_09_2022,0.046417075,FALSE,0.134361888,0,0,0,0,81,08_09_2022,08_24_22,0.038425403,FALSE,0.139463834,0,0,0,0,81,08_24_22,03_24_2023,,TRUE,,0,,,,81,03_24_2023,06_17_2023,,TRUE,,0,,,,81,06_17_2023,07_31_2023,,TRUE,,0,,,,81,07_31_2023,09_20_2023,1.283790622,FALSE,2.086767717,0.480813527,0,0,0
82,82,03_28_2022,07_06_2022,,TRUE,,0,,,,82,07_06_2022,08_06_2022,,TRUE,,0,,,,82,08_06_2022,08_09_2022,,TRUE,,0,,,,82,08_09_2022,08_24_22,,TRUE,,0,,,,82,08_24_22,03_24_2023,,TRUE,,0,,,,82,03_24_2023,06_17_2023,,TRUE,,0,,,,82,06_17_2023,07_31_2023,,TRUE,,0,,,,82,07_31_2023,09_20_2023,,TRUE,,0,,,
83,83,03_28_2022,07_06_2022,,TRUE,,0,,,,83,07_06_2022,08_06_2022,,TRUE,,0,,,,83,08_06_2022,08_09_2022,,TRUE,,0,,,,83,08_09_2022,08_24_22,,TRUE,,0,,,,83,08_24_22,03_24_2023,,TRUE,,0,,,,83,03_24_2023,06_17_2023,,TRUE,,0,,,,83,06_17_2023,07_31_2023,,TRUE,,0,,,,83,07_31_2023,09_20_2023,,TRUE,,0,,,
84,84,03_28_2022,07_06_2022,,TRUE,,0,,,,84,07_06_2022,08_06_2022,,TRUE,,0,,,,84,08_06_2022,08_09_2022,,TRUE,,0,,,,84,08_09_2022,08_24_22,,TRUE,,0,,,,84,08_24_22,03_24_2023,,TRUE,,0,,,,84,03_24_2023,06_17_2023,,TRUE,,0,,,,84,06_17_2023,07_31_2023,,TRUE,,0,,,,84,07_31_2023,09_20_2023,,TRUE,,0,,,
85,85,03_28_2022,07_06_2022,,TRUE,,0,,,,85,07_06_2022,08_06_2022,,TRUE,,0,,,,85,08_06_2022,08_09_2022,,TRUE,,0,,,,85,08_09_2022,08_24_22,,TRUE,,0,,,,85,08_24_22,03_24_2023,,TRUE,,0,,,,85,03_24_2023,06_17_2023,,TRUE,,0,,,,85,06_17_2023,07_31_2023,5.732827909,FALSE,6.50739927,4.958256548,0,0,0,85,07_31_2023,09_20_2023,0.154000889,TRUE,0.323158616,0,0.000674469,0.062927059,0.017504226
86,86,03_28_2022,07_06_2022,,TRUE,,0,,,,86,07_06_2022,08_06_2022,,TRUE,,0,,,,86,08_06_2022,08_09_2022,,TRUE,,0,,,,86,08_09_2022,08_24_22,,TRUE,,0,,,,86,08_24_22,03_24_2023,,TRUE,,0,,,,86,03_24_2023,06_17_2023,,TRUE,,0,,,,86,06_17_2023,07_31_2023,,TRUE,,0,,,,86,07_31_2023,09_20_2023,,TRUE,,0,,,
87,87,03_28_2022,07_06_2022,0.047818935,TRUE,0.322231665,0,0.041098973,0.996266077,0.51216847,87,07_06_2022,08_06_2022,,TRUE,,0,,,,87,08_06_2022,08_09_2022,,TRUE,,0,,,,87,08_09_2022,08_24_22,0.052492821,TRUE,0.221515812,0,0.011567162,0.96881562,0.319351847,87,08_24_22,03_24_2023,1.168006195,FALSE,1.379108774,0.956903617,0,0,0,87,03_24_2023,06_17_2023,1.394518646,FALSE,1.578589766,1.210447525,0,0,0,87,06_17_2023,07_31_2023,0.171083987,FALSE,0.699569048,0,0,0,0,87,07_31_2023,09_20_2023,,TRUE,,0,,,
88,88,03_28_2022,07_06_2022,,TRUE,,0,,,,88,07_06_2022,08_06_2022,,TRUE,,0,,,,88,08_06_2022,08_09_2022,,TRUE,,0,,,,88,08_09_2022,08_24_22,,TRUE,,0,,,,88,08_24_22,03_24_2023,,TRUE,,0,,,,88,03_24_2023,06_17_2023,1.713829446,FALSE,1.993208076,1.434450816,0,0,0,88,06_17_2023,07_31_2023,,TRUE,,0,,,,88,07_31_2023,09_20_2023,,TRUE,,0,,,
89,89,03_28_2022,07_06_2022,,TRUE,,0,,,,89,07_06_2022,08_06_2022,,TRUE,,0,,,,89,08_06_2022,08_09_2022,,TRUE,,0,,,,89,08_09_2022,08_24_22,,TRUE,,0,,,,89,08_24_22,03_24_2023,,TRUE,,0,,,,89,03_24_2023,06_17_2023,0.212810158,TRUE,0.624052429,0,0.049188256,0.420607136,0.328538699,89,06_17_2023,07_31_2023,0.143631779,TRUE,0.46163139,0,0.03326747,0.677050221,0.284469022,89,07_31_2023,09_20_2023,2.790110869,FALSE,4.530451685,1.049770052,0,0,0
90,90,03_28_2022,07_06_2022,0.04274452,TRUE,0.245114312,0,0.022048361,0.941113077,0.521443069,90,07_06_2022,08_06_2022,0.038544024,TRUE,0.17502409,0,0.00782276,0.991098614,0.333906998,90,08_06_2022,08_09_2022,0.051840017,FALSE,0.209783269,0,0,0,0,90,08_09_2022,08_24_22,0.148765553,TRUE,0.391292992,0,0.012391337,0.339294267,0.217359994,90,08_24_22,03_24_2023,0.138130632,TRUE,0.370492486,0,0.012023946,0.401347878,0.210915482,90,03_24_2023,06_17_2023,0.031520396,TRUE,0.222873685,0,0.022718181,0.823658183,0.7583113,90,06_17_2023,07_31_2023,0.175584489,TRUE,0.383846983,0,0.002465651,0.089393305,0.059799106,90,07_31_2023,09_20_2023,0.008011529,FALSE,0.226469192,0,0,0,0
91,91,03_28_2022,07_06_2022,,TRUE,,0,,,,91,07_06_2022,08_06_2022,,TRUE,,0,,,,91,08_06_2022,08_09_2022,,TRUE,,0,,,,91,08_09_2022,08_24_22,,TRUE,,0,,,,91,08_24_22,03_24_2023,,TRUE,,0,,,,91,03_24_2023,06_17_2023,,TRUE,,0,,,,91,06_17_2023,07_31_2023,0.0994797,FALSE,1.09912839,0,0,0,0,91,07_31_2023,09_20_2023,0.052758631,FALSE,1.080448203,0,0,0,0
92,92,03_28_2022,07_06_2022,,TRUE,,0,,,,92,07_06_2022,08_06_2022,,TRUE,,0,,,,92,08_06_2022,08_09_2022,,TRUE,,0,,,,92,08_09_2022,08_24_22,,TRUE,,0,,,,92,08_24_22,03_24_2023,,TRUE,,0,,,,92,03_24_2023,06_17_2023,1.781846598,FALSE,1.861306171,1.702387024,0,0,0,92,06_17_2023,07_31_2023,0.03013365,FALSE,0.149677709,0,0,0,0,92,07_31_2023,09_20_2023,0.23672388,TRUE,0.589153912,0,0.017584871,0.549754579,0.088475888
93,93,03_28_2022,07_06_2022,,TRUE,,0,,,,93,07_06_2022,08_06_2022,,TRUE,,0,,,,93,08_06_2022,08_09_2022,,TRUE,,0,,,,93,08_09_2022,08_24_22,,TRUE,,0,,,,93,08_24_22,03_24_2023,,TRUE,,0,,,,93,03_24_2023,06_17_2023,,TRUE,,0,,,,93,06_17_2023,07_31_2023,,TRUE,,0,,,,93,07_31_2023,09_20_2023,,TRUE,,0,,,
94,94,03_28_2022,07_06_2022,0.173753398,FALSE,0.345494569,0.002012227,0,0,0,94,07_06_2022,08_06_2022,0.128965694,TRUE,0.270891464,0,0.00051368,0.04041629,0.026655845,94,08_06_2022,08_09_2022,0.125349403,FALSE,0.242619024,0.008079783,0,0,0,94,08_09_2022,08_24_22,0.139631967,FALSE,0.271718641,0.007545293,0,0,0,94,08_24_22,03_24_2023,,TRUE,,0,,,,94,03_24_2023,06_17_2023,,TRUE,,0,,,,94,06_17_2023,07_31_2023,,TRUE,,0,,,,94,07_31_2023,09_20_2023,0.091445823,FALSE,0.265417381,0,0,0,0
95,95,03_28_2022,07_06_2022,0.091832438,TRUE,0.232687086,0,0.003546883,0.329432413,0.166632849,95,07_06_2022,08_06_2022,0.070994837,TRUE,0.203162037,0,0.004499854,0.576294176,0.211403538,95,08_06_2022,08_09_2022,0.019472698,TRUE,0.120233991,0,0.006022157,0.771254789,0.739684417,95,08_09_2022,08_24_22,0.036507184,TRUE,0.167440785,0,0.007740804,0.950780859,0.384740517,95,08_24_22,03_24_2023,,TRUE,,0,,,,95,03_24_2023,06_17_2023,,TRUE,,0,,,,95,06_17_2023,07_31_2023,,TRUE,,0,,,,95,07_31_2023,09_20_2023,0.140187067,TRUE,0.295184118,0,0.000646306,0.051717398,0.024344748
96,96,03_28_2022,07_06_2022,,TRUE,,0,,,,96,07_06_2022,08_06_2022,,TRUE,,0,,,,96,08_06_2022,08_09_2022,,TRUE,,0,,,,96,08_09_2022,08_24_22,,TRUE,,0,,,,96,08_24_22,03_24_2023,,TRUE,,0,,,,96,03_24_2023,06_17_2023,1.736935978,FALSE,1.858213445,1.615658511,0,0,0,96,06_17_2023,07_31_2023,0.044721647,FALSE,0.347940811,0,0,0,0,96,07_31_2023,09_20_2023,0.108607633,FALSE,0.344184877,0,0,0,0
97,97,03_28_2022,07_06_2022,,TRUE,,0,,,,97,07_06_2022,08_06_2022,,TRUE,,0,,,,97,08_06_2022,08_09_2022,,TRUE,,0,,,,97,08_09_2022,08_24_22,,TRUE,,0,,,,97,08_24_22,03_24_2023,,TRUE,,0,,,,97,03_24_2023,06_17_2023,18.61088857,FALSE,19.20981376,18.01196337,0,0,0,97,06_17_2023,07_31_2023,0.096719961,TRUE,1.112962053,0,0.678430395,0.993271435,0.713977859,97,07_31_2023,09_20_2023,0.07387352,FALSE,1.13126442,0,0,0,0
98,98,03_28_2022,07_06_2022,,TRUE,,0,,,,98,07_06_2022,08_06_2022,,TRUE,,0,,,,98,08_06_2022,08_09_2022,,TRUE,,0,,,,98,08_09_2022,08_24_22,,TRUE,,0,,,,98,08_24_22,03_24_2023,,TRUE,,0,,,,98,03_24_2023,06_17_2023,,TRUE,,0,,,,98,06_17_2023,07_31_2023,0.05622035,FALSE,0.17725352,0,0,0,0,98,07_31_2023,09_20_2023,3.201198846,FALSE,4.705195443,1.697202248,0,0,0
99,99,03_28_2022,07_06_2022,0.055738682,TRUE,0.292447379,0,0.02907769,0.914596428,0.499605108,99,07_06_2022,08_06_2022,1.792687031,FALSE,2.062394295,1.522979767,0,0,0,99,08_06_2022,08_09_2022,1.334434179,FALSE,1.647083997,1.021784362,0,0,0,99,08_09_2022,08_24_22,0.364198389,FALSE,0.566674767,0.161722012,0,0,0,99,08_24_22,03_24_2023,1.88069939,FALSE,2.239977964,1.521420817,0,0,0,99,03_24_2023,06_17_2023,,TRUE,,0,,,,99,06_17_2023,07_31_2023,,TRUE,,0,,,,99,07_31_2023,09_20_2023,,TRUE,,0,,,
100,100,03_28_2022,07_06_2022,,TRUE,,0,,,,100,07_06_2022,08_06_2022,,TRUE,,0,,,,100,08_06_2022,08_09_2022,,TRUE,,0,,,,100,08_09_2022,08_24_22,,TRUE,,0,,,,100,08_24_22,03_24_2023,,TRUE,,0,,,,100,03_24_2023,06_17_2023,,TRUE,,0,,,,100,06_17_2023,07_31_2023,0.052798663,TRUE,0.113860684,0,0.000121126,0.334647212,0.015221761,100,07_31_2023,09_20_2023,2.643848174,FALSE,5.09095485,0.196741498,0,0,0
101,101,03_28_2022,07_06_2022,,TRUE,,0,,,,101,07_06_2022,08_06_2022,,TRUE,,0,,,,101,08_06_2022,08_09_2022,,TRUE,,0,,,,101,08_09_2022,08_24_22,,TRUE,,0,,,,101,08_24_22,03_24_2023,,TRUE,,0,,,,101,03_24_2023,06_17_2023,,TRUE,,0,,,,101,06_17_2023,07_31_2023,0.054075167,FALSE,0.083393444,0.024756889,0,0,0,101,07_31_2023,09_20_2023,2.798032692,FALSE,5.271983685,0.3240817,0,0,0
102,102,03_28_2022,07_06_2022,,TRUE,,0,,,,102,07_06_2022,08_06_2022,,TRUE,,0,,,,102,08_06_2022,08_09_2022,,TRUE,,0,,,,102,08_09_2022,08_24_22,,TRUE,,0,,,,102,08_24_22,03_24_2023,,TRUE,,0,,,,102,03_24_2023,06_17_2023,0.047142724,FALSE,0.212849224,0,0,0,0,102,06_17_2023,07_31_2023,0.079622802,TRUE,0.217631896,0,0.004381957,0.490733622,0.194444369,102,07_31_2023,09_20_2023,,TRUE,,0,,,
103,103,03_28_2022,07_06_2022,,TRUE,,0,,,,103,07_06_2022,08_06_2022,,TRUE,,0,,,,103,08_06_2022,08_09_2022,,TRUE,,0,,,,103,08_09_2022,08_24_22,,TRUE,,0,,,,103,08_24_22,03_24_2023,,TRUE,,0,,,,103,03_24_2023,06_17_2023,,TRUE,,0,,,,103,06_17_2023,07_31_2023,,TRUE,,0,,,,103,07_31_2023,09_20_2023,,TRUE,,0,,,
104,104,03_28_2022,07_06_2022,0.211021504,TRUE,0.459836237,0,0.003083484,0.159176012,0.033846532,104,07_06_2022,08_06_2022,0.029900429,FALSE,0.20802798,0,0,0,0,104,08_06_2022,08_09_2022,0.032807332,FALSE,0.061695421,0.003919244,0,0,0,104,08_09_2022,08_24_22,0.010565711,FALSE,0.12143026,0,0,0,0,104,08_24_22,03_24_2023,0.336652524,FALSE,0.552257844,0.121047204,0,0,0,104,03_24_2023,06_17_2023,,TRUE,,0,,,,104,06_17_2023,07_31_2023,,TRUE,,0,,,,104,07_31_2023,09_20_2023,,TRUE,,0,,,
105,105,03_28_2022,07_06_2022,2.212234043,FALSE,2.562054504,1.862413582,0,0,0,105,07_06_2022,08_06_2022,,TRUE,,0,,,,105,08_06_2022,08_09_2022,,TRUE,,0,,,,105,08_09_2022,08_24_22,,TRUE,,0,,,,105,08_24_22,03_24_2023,0.045439995,TRUE,0.105406075,0,0.000270694,0.624284493,0.037060603,105,03_24_2023,06_17_2023,0.147902153,FALSE,0.294309477,0.001494829,0,0,0,105,06_17_2023,07_31_2023,0.037509038,FALSE,0.147177445,0,0,0,0,105,07_31_2023,09_20_2023,,TRUE,,0,,,
106,106,03_28_2022,07_06_2022,0.046737324,TRUE,0.247040629,0,0.022043631,0.788129642,0.625101233,106,07_06_2022,08_06_2022,0.169877013,TRUE,0.393039886,0,0.005268485,0.149400828,0.122058514,106,08_06_2022,08_09_2022,0.135397736,TRUE,0.383496434,0,0.016452155,0.381158052,0.305705393,106,08_09_2022,08_24_22,0.038046611,FALSE,0.22947682,0,0,0,0,106,08_24_22,03_24_2023,0.054561855,TRUE,0.184340767,0,0.006322991,0.549024411,0.419910116,106,03_24_2023,06_17_2023,1.775063392,FALSE,2.298784602,1.251342182,0,0,0,106,06_17_2023,07_31_2023,,TRUE,,0,,,,106,07_31_2023,09_20_2023,,TRUE,,0,,,
107,107,03_28_2022,07_06_2022,,TRUE,,0,,,,107,07_06_2022,08_06_2022,,TRUE,,0,,,,107,08_06_2022,08_09_2022,,TRUE,,0,,,,107,08_09_2022,08_24_22,,TRUE,,0,,,,107,08_24_22,03_24_2023,,TRUE,,0,,,,107,03_24_2023,06_17_2023,,TRUE,,0,,,,107,06_17_2023,07_31_2023,0.114206256,TRUE,0.31770974,0,0.009795875,0.561966609,0.187333564,107,07_31_2023,09_20_2023,0.109295104,TRUE,0.279239105,0,0.005413229,0.31054438,0.189107186
108,108,03_28_2022,07_06_2022,,TRUE,,0,,,,108,07_06_2022,08_06_2022,,TRUE,,0,,,,108,08_06_2022,08_09_2022,,TRUE,,0,,,,108,08_09_2022,08_24_22,,TRUE,,0,,,,108,08_24_22,03_24_2023,,TRUE,,0,,,,108,03_24_2023,06_17_2023,18.67746725,FALSE,19.80713216,17.54780234,0,0,0,108,06_17_2023,07_31_2023,0.664835286,TRUE,1.834144274,0,0.340552433,0.328943516,0.305939152,108,07_31_2023,09_20_2023,0.66659248,TRUE,1.809940833,0,0.309766207,0.328221814,0.278281995
109,109,03_28_2022,07_06_2022,0.150181014,TRUE,0.341813528,0,0.002620088,0.435286039,0.038147075,109,07_06_2022,08_06_2022,0.095819474,FALSE,0.26861891,0,0,0,0,109,08_06_2022,08_09_2022,0.027874964,TRUE,0.061039829,0,5.34E-05,0.251404562,0.02735265,109,08_09_2022,08_24_22,0.036991573,TRUE,0.085678109,0,0.000157964,0.743069584,0.030714655,109,08_24_22,03_24_2023,,TRUE,,0,,,,109,03_24_2023,06_17_2023,,TRUE,,0,,,,109,06_17_2023,07_31_2023,,TRUE,,0,,,,109,07_31_2023,09_20_2023,,TRUE,,0,,,
110,110,03_28_2022,07_06_2022,,TRUE,,0,,,,110,07_06_2022,08_06_2022,,TRUE,,0,,,,110,08_06_2022,08_09_2022,,TRUE,,0,,,,110,08_09_2022,08_24_22,,TRUE,,0,,,,110,08_24_22,03_24_2023,,TRUE,,0,,,,110,03_24_2023,06_17_2023,,TRUE,,0,,,,110,06_17_2023,07_31_2023,0.765411453,FALSE,1.111103098,0.419719807,0,0,0,110,07_31_2023,09_20_2023,0.033226336,TRUE,0.602375982,0,0.23401695,0.965935795,0.876936049
111,111,03_28_2022,07_06_2022,,TRUE,,0,,,,111,07_06_2022,08_06_2022,,TRUE,,0,,,,111,08_06_2022,08_09_2022,,TRUE,,0,,,,111,08_09_2022,08_24_22,,TRUE,,0,,,,111,08_24_22,03_24_2023,,TRUE,,0,,,,111,03_24_2023,06_17_2023,0.152623425,FALSE,0.782591833,0,0,0,0,111,06_17_2023,07_31_2023,0.103868682,FALSE,0.175455896,0.032281468,0,0,0,111,07_31_2023,09_20_2023,3.106525759,FALSE,3.965672254,2.247379264,0,0,0
112,112,03_28_2022,07_06_2022,0.062308534,FALSE,0.484230078,0,0,0,0,112,07_06_2022,08_06_2022,0.06040812,FALSE,0.472744472,0,0,0,0,112,08_06_2022,08_09_2022,0.082436914,TRUE,0.348668127,0,0.033911993,0.675782507,0.55195913,112,08_09_2022,08_24_22,0.04283561,FALSE,0.205890159,0,0,0,0,112,08_24_22,03_24_2023,0.050413845,FALSE,0.197799386,0,0,0,0,112,03_24_2023,06_17_2023,4.318022366,FALSE,4.531105891,4.10493884,0,0,0,112,06_17_2023,07_31_2023,0.317489156,FALSE,0.458135996,0.176842316,0,0,0,112,07_31_2023,09_20_2023,0.241786335,FALSE,0.303352755,0.180219915,0,0,0
113,113,03_28_2022,07_06_2022,,TRUE,,0,,,,113,07_06_2022,08_06_2022,,TRUE,,0,,,,113,08_06_2022,08_09_2022,,TRUE,,0,,,,113,08_09_2022,08_24_22,,TRUE,,0,,,,113,08_24_22,03_24_2023,,TRUE,,0,,,,113,03_24_2023,06_17_2023,,TRUE,,0,,,,113,06_17_2023,07_31_2023,,TRUE,,0,,,,113,07_31_2023,09_20_2023,,TRUE,,0,,,
114,114,03_28_2022,07_06_2022,0.093970509,TRUE,0.188220063,0,1.35E-06,0.000199302,0.000187524,114,07_06_2022,08_06_2022,0.25442939,FALSE,0.436708479,0.072150301,0,0,0,114,08_06_2022,08_09_2022,0.184621878,TRUE,0.494595262,0,0.021521098,0.371069417,0.226000647,114,08_09_2022,08_24_22,0.094038953,FALSE,0.275097269,0,0,0,0,114,08_24_22,03_24_2023,0.552797901,FALSE,0.645702093,0.459893709,0,0,0,114,03_24_2023,06_17_2023,,TRUE,,0,,,,114,06_17_2023,07_31_2023,,TRUE,,0,,,,114,07_31_2023,09_20_2023,,TRUE,,0,,,
115,115,03_28_2022,07_06_2022,,TRUE,,0,,,,115,07_06_2022,08_06_2022,,TRUE,,0,,,,115,08_06_2022,08_09_2022,,TRUE,,0,,,,115,08_09_2022,08_24_22,,TRUE,,0,,,,115,08_24_22,03_24_2023,,TRUE,,0,,,,115,03_24_2023,06_17_2023,,TRUE,,0,,,,115,06_17_2023,07_31_2023,,TRUE,,0,,,,115,07_31_2023,09_20_2023,,TRUE,,0,,,
116,116,03_28_2022,07_06_2022,,TRUE,,0,,,,116,07_06_2022,08_06_2022,,TRUE,,0,,,,116,08_06_2022,08_09_2022,,TRUE,,0,,,,116,08_09_2022,08_24_22,,TRUE,,0,,,,116,08_24_22,03_24_2023,,TRUE,,0,,,,116,03_24_2023,06_17_2023,0.140220719,FALSE,0.234943175,0.045498262,0,0,0,116,06_17_2023,07_31_2023,0.097590865,TRUE,0.198275944,0,4.02E-05,0.03305843,0.001948647,116,07_31_2023,09_20_2023,,TRUE,,0,,,
117,117,03_28_2022,07_06_2022,1.00825704,FALSE,1.236407219,0.78010686,0,0,0,117,07_06_2022,08_06_2022,2.834859923,FALSE,3.064002314,2.605717532,0,0,0,117,08_06_2022,08_09_2022,,TRUE,,0,,,,117,08_09_2022,08_24_22,,TRUE,,0,,,,117,08_24_22,03_24_2023,,TRUE,,0,,,,117,03_24_2023,06_17_2023,,TRUE,,0,,,,117,06_17_2023,07_31_2023,,TRUE,,0,,,,117,07_31_2023,09_20_2023,,TRUE,,0,,,
118,118,03_28_2022,07_06_2022,,TRUE,,0,,,,118,07_06_2022,08_06_2022,,TRUE,,0,,,,118,08_06_2022,08_09_2022,,TRUE,,0,,,,118,08_09_2022,08_24_22,,TRUE,,0,,,,118,08_24_22,03_24_2023,,TRUE,,0,,,,118,03_24_2023,06_17_2023,,TRUE,,0,,,,118,06_17_2023,07_31_2023,,TRUE,,0,,,,118,07_31_2023,09_20_2023,0.882398749,TRUE,2.255926873,0,0.343235635,0.388093233,0.153760132
119,119,03_28_2022,07_06_2022,0.009614811,FALSE,0.091974263,0,0,0,0,119,07_06_2022,08_06_2022,0.059076628,FALSE,0.151352568,0,0,0,0,119,08_06_2022,08_09_2022,0.029613449,TRUE,0.158516295,0,0.008159991,0.982321327,0.432656638,119,08_09_2022,08_24_22,0.107804054,FALSE,0.2059334,0.009674707,0,0,0,119,08_24_22,03_24_2023,0.176044523,FALSE,0.253491142,0.098597905,0,0,0,119,03_24_2023,06_17_2023,0.063968356,TRUE,0.128570359,0,3.81E-06,0.00128424,0.001058162,119,06_17_2023,07_31_2023,0.01111987,TRUE,0.085407824,0,0.003395258,0.942456394,0.661352455,119,07_31_2023,09_20_2023,3.065656386,FALSE,5.169283629,0.962029142,0,0,0
120,120,03_28_2022,07_06_2022,0.105144534,TRUE,0.274645305,0,0.005956711,0.283350407,0.246532544,120,07_06_2022,08_06_2022,0.141504621,FALSE,0.260201086,0.022808156,0,0,0,120,08_06_2022,08_09_2022,0.040212922,TRUE,0.142421619,0,0.003018712,0.999999941,0.189488705,120,08_09_2022,08_24_22,0.387702797,FALSE,0.526522496,0.248883097,0,0,0,120,08_24_22,03_24_2023,,TRUE,,0,,,,120,03_24_2023,06_17_2023,,TRUE,,0,,,,120,06_17_2023,07_31_2023,,TRUE,,0,,,,120,07_31_2023,09_20_2023,,TRUE,,0,,,
121,121,03_28_2022,07_06_2022,,TRUE,,0,,,,121,07_06_2022,08_06_2022,,TRUE,,0,,,,121,08_06_2022,08_09_2022,,TRUE,,0,,,,121,08_09_2022,08_24_22,,TRUE,,0,,,,121,08_24_22,03_24_2023,,TRUE,,0,,,,121,03_24_2023,06_17_2023,0.31836492,FALSE,0.85337928,0,0,0,0,121,06_17_2023,07_31_2023,0.030728808,FALSE,0.919152657,0,0,0,0,121,07_31_2023,09_20_2023,0.04718519,FALSE,0.926245252,0,0,0,0
122,122,03_28_2022,07_06_2022,,TRUE,,0,,,,122,07_06_2022,08_06_2022,,TRUE,,0,,,,122,08_06_2022,08_09_2022,,TRUE,,0,,,,122,08_09_2022,08_24_22,,TRUE,,0,,,,122,08_24_22,03_24_2023,,TRUE,,0,,,,122,03_24_2023,06_17_2023,0.684295426,FALSE,0.81542278,0.553168072,0,0,0,122,06_17_2023,07_31_2023,0.356916441,FALSE,0.547200696,0.166632186,0,0,0,122,07_31_2023,09_20_2023,,TRUE,,0,,,
123,123,03_28_2022,07_06_2022,0.056217116,FALSE,0.216092119,0,0,0,0,123,07_06_2022,08_06_2022,0.089624119,FALSE,0.276062885,0,0,0,0,123,08_06_2022,08_09_2022,,TRUE,,0,,,,123,08_09_2022,08_24_22,,TRUE,,0,,,,123,08_24_22,03_24_2023,,TRUE,,0,,,,123,03_24_2023,06_17_2023,,TRUE,,0,,,,123,06_17_2023,07_31_2023,0.140329909,TRUE,0.286191199,0,6.01E-05,0.307091524,0.001005579,123,07_31_2023,09_20_2023,0.048471551,FALSE,0.083643981,0.013299121,0,0,0
124,124,03_28_2022,07_06_2022,,TRUE,,0,,,,124,07_06_2022,08_06_2022,,TRUE,,0,,,,124,08_06_2022,08_09_2022,,TRUE,,0,,,,124,08_09_2022,08_24_22,,TRUE,,0,,,,124,08_24_22,03_24_2023,,TRUE,,0,,,,124,03_24_2023,06_17_2023,0.058304385,TRUE,0.141845135,0,0.000918009,0.4382767,0.087710091,124,06_17_2023,07_31_2023,,TRUE,,0,,,,124,07_31_2023,09_20_2023,,TRUE,,0,,,
125,125,03_28_2022,07_06_2022,,TRUE,,0,,,,125,07_06_2022,08_06_2022,,TRUE,,0,,,,125,08_06_2022,08_09_2022,,TRUE,,0,,,,125,08_09_2022,08_24_22,,TRUE,,0,,,,125,08_24_22,03_24_2023,,TRUE,,0,,,,125,03_24_2023,06_17_2023,1.125836796,FALSE,1.229469265,1.022204327,0,0,0,125,06_17_2023,07_31_2023,0.026234546,FALSE,0.040946301,0.01152279,0,0,0,125,07_31_2023,09_20_2023,0.034154857,TRUE,0.091444317,0,0.000427119,0.998397313,0.065326212
126,126,03_28_2022,07_06_2022,,TRUE,,0,,,,126,07_06_2022,08_06_2022,,TRUE,,0,,,,126,08_06_2022,08_09_2022,,TRUE,,0,,,,126,08_09_2022,08_24_22,,TRUE,,0,,,,126,08_24_22,03_24_2023,,TRUE,,0,,,,126,03_24_2023,06_17_2023,,TRUE,,0,,,,126,06_17_2023,07_31_2023,,TRUE,,0,,,,126,07_31_2023,09_20_2023,,TRUE,,0,,,
127,127,03_28_2022,07_06_2022,0.209944923,TRUE,0.450877124,0,0.002326924,0.108430594,0.029564159,127,07_06_2022,08_06_2022,0.121968296,TRUE,0.324263455,0,0.005786185,0.95080406,0.073514938,127,08_06_2022,08_09_2022,0.052018137,TRUE,0.108497086,0,5.34E-05,0.109395507,0.008776794,127,08_09_2022,08_24_22,0.077149494,FALSE,0.109310853,0.044988135,0,0,0,127,08_24_22,03_24_2023,,TRUE,,0,,,,127,03_24_2023,06_17_2023,,TRUE,,0,,,,127,06_17_2023,07_31_2023,0.065788248,TRUE,0.265882814,0,0.018357428,0.676219597,0.509081243,127,07_31_2023,09_20_2023,,TRUE,,0,,,
128,128,03_28_2022,07_06_2022,0.525932179,FALSE,0.646435961,0.405428398,0,0,0,128,07_06_2022,08_06_2022,0.089078748,TRUE,0.263721299,0,0.008576831,0.59784193,0.23816223,128,08_06_2022,08_09_2022,0.010247379,TRUE,0.222913103,0,0.033321862,0.951162552,0.925284545,128,08_09_2022,08_24_22,0.031543507,TRUE,0.234452554,0,0.025790887,0.866974862,0.736193146,128,08_24_22,03_24_2023,0.098105557,TRUE,0.276491856,0,0.008349149,0.404295079,0.280661236,128,03_24_2023,06_17_2023,0.291930711,TRUE,0.659854176,0,0.008892892,0.430625025,0.034402795,128,06_17_2023,07_31_2023,,TRUE,,0,,,,128,07_31_2023,09_20_2023,,TRUE,,0,,,
129,129,03_28_2022,07_06_2022,0.531576413,FALSE,0.738383618,0.324769208,0,0,0,129,07_06_2022,08_06_2022,0.068009788,FALSE,0.186341961,0,0,0,0,129,08_06_2022,08_09_2022,0.131771835,FALSE,0.204017945,0.059525726,0,0,0,129,08_09_2022,08_24_22,0.017386407,FALSE,0.194087919,0,0,0,0,129,08_24_22,03_24_2023,,TRUE,,0,,,,129,03_24_2023,06_17_2023,,TRUE,,0,,,,129,06_17_2023,07_31_2023,,TRUE,,0,,,,129,07_31_2023,09_20_2023,,TRUE,,0,,,
130,130,03_28_2022,07_06_2022,0.118990319,FALSE,0.204769084,0.033211554,0,0,0,130,07_06_2022,08_06_2022,0.082207185,FALSE,0.139243641,0.025170729,0,0,0,130,08_06_2022,08_09_2022,0.017328865,TRUE,0.090776526,0,0.00292736,0.816160345,0.592448029,130,08_09_2022,08_24_22,0.05064901,FALSE,0.100461014,0.000837006,0,0,0,130,08_24_22,03_24_2023,,TRUE,,0,,,,130,03_24_2023,06_17_2023,,TRUE,,0,,,,130,06_17_2023,07_31_2023,,TRUE,,0,,,,130,07_31_2023,09_20_2023,,TRUE,,0,,,
131,131,03_28_2022,07_06_2022,,TRUE,,0,,,,131,07_06_2022,08_06_2022,,TRUE,,0,,,,131,08_06_2022,08_09_2022,,TRUE,,0,,,,131,08_09_2022,08_24_22,,TRUE,,0,,,,131,08_24_22,03_24_2023,,TRUE,,0,,,,131,03_24_2023,06_17_2023,,TRUE,,0,,,,131,06_17_2023,07_31_2023,,TRUE,,0,,,,131,07_31_2023,09_20_2023,,TRUE,,0,,,
132,132,03_28_2022,07_06_2022,,TRUE,,0,,,,132,07_06_2022,08_06_2022,,TRUE,,0,,,,132,08_06_2022,08_09_2022,,TRUE,,0,,,,132,08_09_2022,08_24_22,,TRUE,,0,,,,132,08_24_22,03_24_2023,,TRUE,,0,,,,132,03_24_2023,06_17_2023,,TRUE,,0,,,,132,06_17_2023,07_31_2023,0.004909487,FALSE,0.097661913,0,0,0,0,132,07_31_2023,09_20_2023,0.104407504,TRUE,0.280637699,0,0.007072258,0.355411064,0.241023785
133,133,03_28_2022,07_06_2022,,TRUE,,0,,,,133,07_06_2022,08_06_2022,,TRUE,,0,,,,133,08_06_2022,08_09_2022,,TRUE,,0,,,,133,08_09_2022,08_24_22,,TRUE,,0,,,,133,08_24_22,03_24_2023,,TRUE,,0,,,,133,03_24_2023,06_17_2023,,TRUE,,0,,,,133,06_17_2023,07_31_2023,0.082981968,FALSE,0.128888562,0.037075373,0,0,0,133,07_31_2023,09_20_2023,2.715191235,FALSE,5.252892966,0.177489503,0,0,0
134,134,03_28_2022,07_06_2022,0.176805016,FALSE,0.516578397,0,0,0,0,134,07_06_2022,08_06_2022,0.180282735,TRUE,0.621486875,0,0.063550322,0.900118117,0.238401005,134,08_06_2022,08_09_2022,0.048706292,FALSE,0.225795292,0,0,0,0,134,08_09_2022,08_24_22,0.06545281,FALSE,0.121395268,0.009510352,0,0,0,134,08_24_22,03_24_2023,0.022846252,TRUE,0.093630315,0,0.002190743,0.84279507,0.394950402,134,03_24_2023,06_17_2023,,TRUE,,0,,,,134,06_17_2023,07_31_2023,,TRUE,,0,,,,134,07_31_2023,09_20_2023,0.078979454,TRUE,0.362978169,0,0.034604335,0.986967615,0.346261637
135,135,03_28_2022,07_06_2022,,TRUE,,0,,,,135,07_06_2022,08_06_2022,,TRUE,,0,,,,135,08_06_2022,08_09_2022,,TRUE,,0,,,,135,08_09_2022,08_24_22,,TRUE,,0,,,,135,08_24_22,03_24_2023,,TRUE,,0,,,,135,03_24_2023,06_17_2023,0.09821494,TRUE,0.197244391,0,6.72E-06,0.001420721,0.000590262,135,06_17_2023,07_31_2023,0.118996372,TRUE,0.26159325,0,0.001239281,0.108791364,0.058125753,135,07_31_2023,09_20_2023,2.928158061,FALSE,4.843755332,1.012560791,0,0,0
136,136,03_28_2022,07_06_2022,0.103208562,TRUE,0.298978346,0,0.009842704,0.653182271,0.195747975,136,07_06_2022,08_06_2022,0.063333115,FALSE,0.229686062,0,0,0,0,136,08_06_2022,08_09_2022,0.022665086,FALSE,0.076025072,0,0,0,0,136,08_09_2022,08_24_22,0.031907908,FALSE,0.142399509,0,0,0,0,136,08_24_22,03_24_2023,,TRUE,,0,,,,136,03_24_2023,06_17_2023,,TRUE,,0,,,,136,06_17_2023,07_31_2023,,TRUE,,0,,,,136,07_31_2023,09_20_2023,,TRUE,,0,,,
137,137,03_28_2022,07_06_2022,,TRUE,,0,,,,137,07_06_2022,08_06_2022,,TRUE,,0,,,,137,08_06_2022,08_09_2022,,TRUE,,0,,,,137,08_09_2022,08_24_22,,TRUE,,0,,,,137,08_24_22,03_24_2023,,TRUE,,0,,,,137,03_24_2023,06_17_2023,,TRUE,,0,,,,137,06_17_2023,07_31_2023,0.029924004,TRUE,0.101464951,0,0.001930623,0.553738885,0.420531742,137,07_31_2023,09_20_2023,2.717947734,FALSE,4.628506548,0.80738892,0,0,0
138,138,03_28_2022,07_06_2022,,TRUE,,0,,,,138,07_06_2022,08_06_2022,,TRUE,,0,,,,138,08_06_2022,08_09_2022,,TRUE,,0,,,,138,08_09_2022,08_24_22,,TRUE,,0,,,,138,08_24_22,03_24_2023,,TRUE,,0,,,,138,03_24_2023,06_17_2023,,TRUE,,0,,,,138,06_17_2023,07_31_2023,,TRUE,,0,,,,138,07_31_2023,09_20_2023,,TRUE,,0,,,
139,139,03_28_2022,07_06_2022,,TRUE,,0,,,,139,07_06_2022,08_06_2022,,TRUE,,0,,,,139,08_06_2022,08_09_2022,,TRUE,,0,,,,139,08_09_2022,08_24_22,,TRUE,,0,,,,139,08_24_22,03_24_2023,,TRUE,,0,,,,139,03_24_2023,06_17_2023,,TRUE,,0,,,,139,06_17_2023,07_31_2023,0.096989771,FALSE,0.108451751,0.085527792,0,0,0,139,07_31_2023,09_20_2023,0.162376334,FALSE,0.168246517,0.156506151,0,0,0
1000,1000,03_28_2022,07_06_2022,,TRUE,,0,,,,1000,07_06_2022,08_06_2022,,TRUE,,0,,,,1000,08_06_2022,08_09_2022,,TRUE,,0,,,,1000,08_09_2022,08_24_22,,TRUE,,0,,,,1000,08_24_22,03_24_2023,,TRUE,,0,,,,1000,03_24_2023,06_17_2023,,TRUE,,0,,,,1000,06_17_2023,07_31_2023,,TRUE,,0,,,,1000,07_31_2023,09_20_2023,,TRUE,,0,,,
1001,1001,03_28_2022,07_06_2022,,TRUE,,0,,,,1001,07_06_2022,08_06_2022,,TRUE,,0,,,,1001,08_06_2022,08_09_2022,,TRUE,,0,,,,1001,08_09_2022,08_24_22,,TRUE,,0,,,,1001,08_24_22,03_24_2023,,TRUE,,0,,,,1001,03_24_2023,06_17_2023,,TRUE,,0,,,,1001,06_17_2023,07_31_2023,,TRUE,,0,,,,1001,07_31_2023,09_20_2023,,TRUE,,0,,,
1002,1002,03_28_2022,07_06_2022,,TRUE,,0,,,,1002,07_06_2022,08_06_2022,,TRUE,,0,,,,1002,08_06_2022,08_09_2022,,TRUE,,0,,,,1002,08_09_2022,08_24_22,,TRUE,,0,,,,1002,08_24_22,03_24_2023,0.106854814,FALSE,0.156967393,0.056742234,0,0,0,1002,03_24_2023,06_17_2023,,TRUE,,0,,,,1002,06_17_2023,07_31_2023,,TRUE,,0,,,,1002,07_31_2023,09_20_2023,,TRUE,,0,,,
1003,1003,03_28_2022,07_06_2022,,TRUE,,0,,,,1003,07_06_2022,08_06_2022,,TRUE,,0,,,,1003,08_06_2022,08_09_2022,,TRUE,,0,,,,1003,08_09_2022,08_24_22,,TRUE,,0,,,,1003,08_24_22,03_24_2023,,TRUE,,0,,,,1003,03_24_2023,06_17_2023,,TRUE,,0,,,,1003,06_17_2023,07_31_2023,,TRUE,,0,,,,1003,07_31_2023,09_20_2023,,TRUE,,0,,,
1004,1004,03_28_2022,07_06_2022,,TRUE,,0,,,,1004,07_06_2022,08_06_2022,,TRUE,,0,,,,1004,08_06_2022,08_09_2022,,TRUE,,0,,,,1004,08_09_2022,08_24_22,,TRUE,,0,,,,1004,08_24_22,03_24_2023,,TRUE,,0,,,,1004,03_24_2023,06_17_2023,,TRUE,,0,,,,1004,06_17_2023,07_31_2023,,TRUE,,0,,,,1004,07_31_2023,09_20_2023,,TRUE,,0,,,
1005,1005,03_28_2022,07_06_2022,,TRUE,,0,,,,1005,07_06_2022,08_06_2022,,TRUE,,0,,,,1005,08_06_2022,08_09_2022,,TRUE,,0,,,,1005,08_09_2022,08_24_22,,TRUE,,0,,,,1005,08_24_22,03_24_2023,,TRUE,,0,,,,1005,03_24_2023,06_17_2023,,TRUE,,0,,,,1005,06_17_2023,07_31_2023,,TRUE,,0,,,,1005,07_31_2023,09_20_2023,,TRUE,,0,,,
1006,1006,03_28_2022,07_06_2022,,TRUE,,0,,,,1006,07_06_2022,08_06_2022,,TRUE,,0,,,,1006,08_06_2022,08_09_2022,0.005343166,FALSE,0.063326987,0,0,0,0,1006,08_09_2022,08_24_22,,TRUE,,0,,,,1006,08_24_22,03_24_2023,,TRUE,,0,,,,1006,03_24_2023,06_17_2023,,TRUE,,0,,,,1006,06_17_2023,07_31_2023,,TRUE,,0,,,,1006,07_31_2023,09_20_2023,,TRUE,,0,,,
1007,1007,03_28_2022,07_06_2022,,TRUE,,0,,,,1007,07_06_2022,08_06_2022,,TRUE,,0,,,,1007,08_06_2022,08_09_2022,,TRUE,,0,,,,1007,08_09_2022,08_24_22,,TRUE,,0,,,,1007,08_24_22,03_24_2023,,TRUE,,0,,,,1007,03_24_2023,06_17_2023,,TRUE,,0,,,,1007,06_17_2023,07_31_2023,,TRUE,,0,,,,1007,07_31_2023,09_20_2023,,TRUE,,0,,,
1008,1008,03_28_2022,07_06_2022,,TRUE,,0,,,,1008,07_06_2022,08_06_2022,,TRUE,,0,,,,1008,08_06_2022,08_09_2022,,TRUE,,0,,,,1008,08_09_2022,08_24_22,,TRUE,,0,,,,1008,08_24_22,03_24_2023,,TRUE,,0,,,,1008,03_24_2023,06_17_2023,,TRUE,,0,,,,1008,06_17_2023,07_31_2023,,TRUE,,0,,,,1008,07_31_2023,09_20_2023,,TRUE,,0,,,
1009,1009,03_28_2022,07_06_2022,,TRUE,,0,,,,1009,07_06_2022,08_06_2022,,TRUE,,0,,,,1009,08_06_2022,08_09_2022,,TRUE,,0,,,,1009,08_09_2022,08_24_22,,TRUE,,0,,,,1009,08_24_22,03_24_2023,,TRUE,,0,,,,1009,03_24_2023,06_17_2023,,TRUE,,0,,,,1009,06_17_2023,07_31_2023,,TRUE,,0,,,,1009,07_31_2023,09_20_2023,,TRUE,,0,,,
1010,1010,03_28_2022,07_06_2022,,TRUE,,0,,,,1010,07_06_2022,08_06_2022,,TRUE,,0,,,,1010,08_06_2022,08_09_2022,,TRUE,,0,,,,1010,08_09_2022,08_24_22,,TRUE,,0,,,,1010,08_24_22,03_24_2023,,TRUE,,0,,,,1010,03_24_2023,06_17_2023,,TRUE,,0,,,,1010,06_17_2023,07_31_2023,,TRUE,,0,,,,1010,07_31_2023,09_20_2023,,TRUE,,0,,,
1011,1011,03_28_2022,07_06_2022,,TRUE,,0,,,,1011,07_06_2022,08_06_2022,,TRUE,,0,,,,1011,08_06_2022,08_09_2022,,TRUE,,0,,,,1011,08_09_2022,08_24_22,,TRUE,,0,,,,1011,08_24_22,03_24_2023,,TRUE,,0,,,,1011,03_24_2023,06_17_2023,,TRUE,,0,,,,1011,06_17_2023,07_31_2023,,TRUE,,0,,,,1011,07_31_2023,09_20_2023,,TRUE,,0,,,
1012,1012,03_28_2022,07_06_2022,,TRUE,,0,,,,1012,07_06_2022,08_06_2022,,TRUE,,0,,,,1012,08_06_2022,08_09_2022,,TRUE,,0,,,,1012,08_09_2022,08_24_22,,TRUE,,0,,,,1012,08_24_22,03_24_2023,,TRUE,,0,,,,1012,03_24_2023,06_17_2023,,TRUE,,0,,,,1012,06_17_2023,07_31_2023,,TRUE,,0,,,,1012,07_31_2023,09_20_2023,,TRUE,,0,,,
1013,1013,03_28_2022,07_06_2022,,TRUE,,0,,,,1013,07_06_2022,08_06_2022,,TRUE,,0,,,,1013,08_06_2022,08_09_2022,,TRUE,,0,,,,1013,08_09_2022,08_24_22,,TRUE,,0,,,,1013,08_24_22,03_24_2023,,TRUE,,0,,,,1013,03_24_2023,06_17_2023,,TRUE,,0,,,,1013,06_17_2023,07_31_2023,,TRUE,,0,,,,1013,07_31_2023,09_20_2023,,TRUE,,0,,,
1014,1014,03_28_2022,07_06_2022,,TRUE,,0,,,,1014,07_06_2022,08_06_2022,,TRUE,,0,,,,1014,08_06_2022,08_09_2022,,TRUE,,0,,,,1014,08_09_2022,08_24_22,,TRUE,,0,,,,1014,08_24_22,03_24_2023,,TRUE,,0,,,,1014,03_24_2023,06_17_2023,,TRUE,,0,,,,1014,06_17_2023,07_31_2023,,TRUE,,0,,,,1014,07_31_2023,09_20_2023,,TRUE,,0,,,
1015,1015,03_28_2022,07_06_2022,,TRUE,,0,,,,1015,07_06_2022,08_06_2022,,TRUE,,0,,,,1015,08_06_2022,08_09_2022,,TRUE,,0,,,,1015,08_09_2022,08_24_22,,TRUE,,0,,,,1015,08_24_22,03_24_2023,,TRUE,,0,,,,1015,03_24_2023,06_17_2023,,TRUE,,0,,,,1015,06_17_2023,07_31_2023,,TRUE,,0,,,,1015,07_31_2023,09_20_2023,,TRUE,,0,,,
1016,1016,03_28_2022,07_06_2022,,TRUE,,0,,,,1016,07_06_2022,08_06_2022,,TRUE,,0,,,,1016,08_06_2022,08_09_2022,,TRUE,,0,,,,1016,08_09_2022,08_24_22,,TRUE,,0,,,,1016,08_24_22,03_24_2023,,TRUE,,0,,,,1016,03_24_2023,06_17_2023,,TRUE,,0,,,,1016,06_17_2023,07_31_2023,,TRUE,,0,,,,1016,07_31_2023,09_20_2023,,TRUE,,0,,,
1017,1017,03_28_2022,07_06_2022,0.170373986,TRUE,0.464568901,0,0.020478182,0.39852805,0.235688632,1017,07_06_2022,08_06_2022,0.167661495,TRUE,0.392568392,0,0.005805623,0.196343569,0.112983842,1017,08_06_2022,08_09_2022,0.16271543,TRUE,0.340190854,0,0.000699878,0.034412288,0.023669574,1017,08_09_2022,08_24_22,0.175158889,TRUE,0.376514562,0,0.001716021,0.084374967,0.037372376,1017,08_24_22,03_24_2023,,TRUE,,0,,,,1017,03_24_2023,06_17_2023,,TRUE,,0,,,,1017,06_17_2023,07_31_2023,,TRUE,,0,,,,1017,07_31_2023,09_20_2023,,TRUE,,0,,,
1018,1018,03_28_2022,07_06_2022,,TRUE,,0,,,,1018,07_06_2022,08_06_2022,,TRUE,,0,,,,1018,08_06_2022,08_09_2022,,TRUE,,0,,,,1018,08_09_2022,08_24_22,,TRUE,,0,,,,1018,08_24_22,03_24_2023,,TRUE,,0,,,,1018,03_24_2023,06_17_2023,,TRUE,,0,,,,1018,06_17_2023,07_31_2023,,TRUE,,0,,,,1018,07_31_2023,09_20_2023,,TRUE,,0,,,
1019,1019,03_28_2022,07_06_2022,,TRUE,,0,,,,1019,07_06_2022,08_06_2022,,TRUE,,0,,,,1019,08_06_2022,08_09_2022,,TRUE,,0,,,,1019,08_09_2022,08_24_22,,TRUE,,0,,,,1019,08_24_22,03_24_2023,,TRUE,,0,,,,1019,03_24_2023,06_17_2023,,TRUE,,0,,,,1019,06_17_2023,07_31_2023,,TRUE,,0,,,,1019,07_31_2023,09_20_2023,,TRUE,,0,,,
1020,1020,03_28_2022,07_06_2022,,TRUE,,0,,,,1020,07_06_2022,08_06_2022,,TRUE,,0,,,,1020,08_06_2022,08_09_2022,,TRUE,,0,,,,1020,08_09_2022,08_24_22,,TRUE,,0,,,,1020,08_24_22,03_24_2023,,TRUE,,0,,,,1020,03_24_2023,06_17_2023,,TRUE,,0,,,,1020,06_17_2023,07_31_2023,,TRUE,,0,,,,1020,07_31_2023,09_20_2023,,TRUE,,0,,,
1021,1021,03_28_2022,07_06_2022,,TRUE,,0,,,,1021,07_06_2022,08_06_2022,,TRUE,,0,,,,1021,08_06_2022,08_09_2022,,TRUE,,0,,,,1021,08_09_2022,08_24_22,,TRUE,,0,,,,1021,08_24_22,03_24_2023,,TRUE,,0,,,,1021,03_24_2023,06_17_2023,,TRUE,,0,,,,1021,06_17_2023,07_31_2023,,TRUE,,0,,,,1021,07_31_2023,09_20_2023,,TRUE,,0,,,
1022,1022,03_28_2022,07_06_2022,,TRUE,,0,,,,1022,07_06_2022,08_06_2022,,TRUE,,0,,,,1022,08_06_2022,08_09_2022,,TRUE,,0,,,,1022,08_09_2022,08_24_22,,TRUE,,0,,,,1022,08_24_22,03_24_2023,,TRUE,,0,,,,1022,03_24_2023,06_17_2023,,TRUE,,0,,,,1022,06_17_2023,07_31_2023,,TRUE,,0,,,,1022,07_31_2023,09_20_2023,,TRUE,,0,,,
1023,1023,03_28_2022,07_06_2022,,TRUE,,0,,,,1023,07_06_2022,08_06_2022,,TRUE,,0,,,,1023,08_06_2022,08_09_2022,,TRUE,,0,,,,1023,08_09_2022,08_24_22,,TRUE,,0,,,,1023,08_24_22,03_24_2023,,TRUE,,0,,,,1023,03_24_2023,06_17_2023,,TRUE,,0,,,,1023,06_17_2023,07_31_2023,,TRUE,,0,,,,1023,07_31_2023,09_20_2023,,TRUE,,0,,,
1024,1024,03_28_2022,07_06_2022,,TRUE,,0,,,,1024,07_06_2022,08_06_2022,,TRUE,,0,,,,1024,08_06_2022,08_09_2022,,TRUE,,0,,,,1024,08_09_2022,08_24_22,,TRUE,,0,,,,1024,08_24_22,03_24_2023,,TRUE,,0,,,,1024,03_24_2023,06_17_2023,,TRUE,,0,,,,1024,06_17_2023,07_31_2023,,TRUE,,0,,,,1024,07_31_2023,09_20_2023,,TRUE,,0,,,
1025,1025,03_28_2022,07_06_2022,,TRUE,,0,,,,1025,07_06_2022,08_06_2022,,TRUE,,0,,,,1025,08_06_2022,08_09_2022,,TRUE,,0,,,,1025,08_09_2022,08_24_22,,TRUE,,0,,,,1025,08_24_22,03_24_2023,,TRUE,,0,,,,1025,03_24_2023,06_17_2023,,TRUE,,0,,,,1025,06_17_2023,07_31_2023,,TRUE,,0,,,,1025,07_31_2023,09_20_2023,,TRUE,,0,,,
1026,1026,03_28_2022,07_06_2022,,TRUE,,0,,,,1026,07_06_2022,08_06_2022,,TRUE,,0,,,,1026,08_06_2022,08_09_2022,,TRUE,,0,,,,1026,08_09_2022,08_24_22,0.035745708,FALSE,0.054009314,0.017482102,0,0,0,1026,08_24_22,03_24_2023,0.026130663,TRUE,0.069716372,0,0.000363631,0.642608492,0.127206686,1026,03_24_2023,06_17_2023,,TRUE,,0,,,,1026,06_17_2023,07_31_2023,,TRUE,,0,,,,1026,07_31_2023,09_20_2023,,TRUE,,0,,,
1027,1027,03_28_2022,07_06_2022,,TRUE,,0,,,,1027,07_06_2022,08_06_2022,,TRUE,,0,,,,1027,08_06_2022,08_09_2022,,TRUE,,0,,,,1027,08_09_2022,08_24_22,,TRUE,,0,,,,1027,08_24_22,03_24_2023,,TRUE,,0,,,,1027,03_24_2023,06_17_2023,,TRUE,,0,,,,1027,06_17_2023,07_31_2023,,TRUE,,0,,,,1027,07_31_2023,09_20_2023,,TRUE,,0,,,
1028,1028,03_28_2022,07_06_2022,,TRUE,,0,,,,1028,07_06_2022,08_06_2022,,TRUE,,0,,,,1028,08_06_2022,08_09_2022,,TRUE,,0,,,,1028,08_09_2022,08_24_22,,TRUE,,0,,,,1028,08_24_22,03_24_2023,,TRUE,,0,,,,1028,03_24_2023,06_17_2023,,TRUE,,0,,,,1028,06_17_2023,07_31_2023,,TRUE,,0,,,,1028,07_31_2023,09_20_2023,,TRUE,,0,,,
1029,1029,03_28_2022,07_06_2022,,TRUE,,0,,,,1029,07_06_2022,08_06_2022,,TRUE,,0,,,,1029,08_06_2022,08_09_2022,,TRUE,,0,,,,1029,08_09_2022,08_24_22,,TRUE,,0,,,,1029,08_24_22,03_24_2023,,TRUE,,0,,,,1029,03_24_2023,06_17_2023,,TRUE,,0,,,,1029,06_17_2023,07_31_2023,,TRUE,,0,,,,1029,07_31_2023,09_20_2023,,TRUE,,0,,,
1030,1030,03_28_2022,07_06_2022,,TRUE,,0,,,,1030,07_06_2022,08_06_2022,,TRUE,,0,,,,1030,08_06_2022,08_09_2022,,TRUE,,0,,,,1030,08_09_2022,08_24_22,,TRUE,,0,,,,1030,08_24_22,03_24_2023,,TRUE,,0,,,,1030,03_24_2023,06_17_2023,,TRUE,,0,,,,1030,06_17_2023,07_31_2023,,TRUE,,0,,,,1030,07_31_2023,09_20_2023,,TRUE,,0,,,
1031,1031,03_28_2022,07_06_2022,,TRUE,,0,,,,1031,07_06_2022,08_06_2022,0.259920797,FALSE,0.396950489,0.122891106,0,0,0,1031,08_06_2022,08_09_2022,,TRUE,,0,,,,1031,08_09_2022,08_24_22,,TRUE,,0,,,,1031,08_24_22,03_24_2023,,TRUE,,0,,,,1031,03_24_2023,06_17_2023,,TRUE,,0,,,,1031,06_17_2023,07_31_2023,,TRUE,,0,,,,1031,07_31_2023,09_20_2023,0.135375729,FALSE,0.295683547,0,0,0,0
1032,1032,03_28_2022,07_06_2022,,TRUE,,0,,,,1032,07_06_2022,08_06_2022,,TRUE,,0,,,,1032,08_06_2022,08_09_2022,,TRUE,,0,,,,1032,08_09_2022,08_24_22,,TRUE,,0,,,,1032,08_24_22,03_24_2023,,TRUE,,0,,,,1032,03_24_2023,06_17_2023,,TRUE,,0,,,,1032,06_17_2023,07_31_2023,,TRUE,,0,,,,1032,07_31_2023,09_20_2023,,TRUE,,0,,,
1033,1033,03_28_2022,07_06_2022,,TRUE,,0,,,,1033,07_06_2022,08_06_2022,,TRUE,,0,,,,1033,08_06_2022,08_09_2022,,TRUE,,0,,,,1033,08_09_2022,08_24_22,,TRUE,,0,,,,1033,08_24_22,03_24_2023,,TRUE,,0,,,,1033,03_24_2023,06_17_2023,,TRUE,,0,,,,1033,06_17_2023,07_31_2023,,TRUE,,0,,,,1033,07_31_2023,09_20_2023,,TRUE,,0,,,
1034,1034,03_28_2022,07_06_2022,,TRUE,,0,,,,1034,07_06_2022,08_06_2022,,TRUE,,0,,,,1034,08_06_2022,08_09_2022,,TRUE,,0,,,,1034,08_09_2022,08_24_22,,TRUE,,0,,,,1034,08_24_22,03_24_2023,,TRUE,,0,,,,1034,03_24_2023,06_17_2023,,TRUE,,0,,,,1034,06_17_2023,07_31_2023,,TRUE,,0,,,,1034,07_31_2023,09_20_2023,,TRUE,,0,,,
1035,1035,03_28_2022,07_06_2022,,TRUE,,0,,,,1035,07_06_2022,08_06_2022,,TRUE,,0,,,,1035,08_06_2022,08_09_2022,,TRUE,,0,,,,1035,08_09_2022,08_24_22,,TRUE,,0,,,,1035,08_24_22,03_24_2023,,TRUE,,0,,,,1035,03_24_2023,06_17_2023,,TRUE,,0,,,,1035,06_17_2023,07_31_2023,,TRUE,,0,,,,1035,07_31_2023,09_20_2023,,TRUE,,0,,,
1036,1036,03_28_2022,07_06_2022,0.353941954,FALSE,0.601713764,0.106170144,0,0,0,1036,07_06_2022,08_06_2022,0.155302123,TRUE,0.454125727,0,0.02583129,0.410317459,0.332456936,1036,08_06_2022,08_09_2022,0.101578686,FALSE,0.643227881,0,0,0,0,1036,08_09_2022,08_24_22,0.364970089,TRUE,0.822807949,0,0.010972798,0.647362737,0.023639327,1036,08_24_22,03_24_2023,,TRUE,,0,,,,1036,03_24_2023,06_17_2023,,TRUE,,0,,,,1036,06_17_2023,07_31_2023,,TRUE,,0,,,,1036,07_31_2023,09_20_2023,,TRUE,,0,,,
1037,1037,03_28_2022,07_06_2022,,TRUE,,0,,,,1037,07_06_2022,08_06_2022,,TRUE,,0,,,,1037,08_06_2022,08_09_2022,,TRUE,,0,,,,1037,08_09_2022,08_24_22,,TRUE,,0,,,,1037,08_24_22,03_24_2023,,TRUE,,0,,,,1037,03_24_2023,06_17_2023,,TRUE,,0,,,,1037,06_17_2023,07_31_2023,,TRUE,,0,,,,1037,07_31_2023,09_20_2023,,TRUE,,0,,,
1038,1038,03_28_2022,07_06_2022,,TRUE,,0,,,,1038,07_06_2022,08_06_2022,,TRUE,,0,,,,1038,08_06_2022,08_09_2022,,TRUE,,0,,,,1038,08_09_2022,08_24_22,,TRUE,,0,,,,1038,08_24_22,03_24_2023,,TRUE,,0,,,,1038,03_24_2023,06_17_2023,,TRUE,,0,,,,1038,06_17_2023,07_31_2023,,TRUE,,0,,,,1038,07_31_2023,09_20_2023,,TRUE,,0,,,
1039,1039,03_28_2022,07_06_2022,,TRUE,,0,,,,1039,07_06_2022,08_06_2022,1.078033622,FALSE,1.20791782,0.948149425,0,0,0,1039,08_06_2022,08_09_2022,,TRUE,,0,,,,1039,08_09_2022,08_24_22,,TRUE,,0,,,,1039,08_24_22,03_24_2023,,TRUE,,0,,,,1039,03_24_2023,06_17_2023,,TRUE,,0,,,,1039,06_17_2023,07_31_2023,,TRUE,,0,,,,1039,07_31_2023,09_20_2023,,TRUE,,0,,,
1040,1040,03_28_2022,07_06_2022,,TRUE,,0,,,,1040,07_06_2022,08_06_2022,,TRUE,,0,,,,1040,08_06_2022,08_09_2022,,TRUE,,0,,,,1040,08_09_2022,08_24_22,,TRUE,,0,,,,1040,08_24_22,03_24_2023,,TRUE,,0,,,,1040,03_24_2023,06_17_2023,,TRUE,,0,,,,1040,06_17_2023,07_31_2023,,TRUE,,0,,,,1040,07_31_2023,09_20_2023,,TRUE,,0,,,
1041,1041,03_28_2022,07_06_2022,,TRUE,,0,,,,1041,07_06_2022,08_06_2022,,TRUE,,0,,,,1041,08_06_2022,08_09_2022,,TRUE,,0,,,,1041,08_09_2022,08_24_22,,TRUE,,0,,,,1041,08_24_22,03_24_2023,,TRUE,,0,,,,1041,03_24_2023,06_17_2023,,TRUE,,0,,,,1041,06_17_2023,07_31_2023,0.165801605,FALSE,0.241391279,0.09021193,0,0,0,1041,07_31_2023,09_20_2023,3.141057549,FALSE,5.090580992,1.191534105,0,0,0
1042,1042,03_28_2022,07_06_2022,,TRUE,,0,,,,1042,07_06_2022,08_06_2022,,TRUE,,0,,,,1042,08_06_2022,08_09_2022,,TRUE,,0,,,,1042,08_09_2022,08_24_22,,TRUE,,0,,,,1042,08_24_22,03_24_2023,,TRUE,,0,,,,1042,03_24_2023,06_17_2023,,TRUE,,0,,,,1042,06_17_2023,07_31_2023,,TRUE,,0,,,,1042,07_31_2023,09_20_2023,,TRUE,,0,,,
1043,1043,03_28_2022,07_06_2022,,TRUE,,0,,,,1043,07_06_2022,08_06_2022,,TRUE,,0,,,,1043,08_06_2022,08_09_2022,,TRUE,,0,,,,1043,08_09_2022,08_24_22,,TRUE,,0,,,,1043,08_24_22,03_24_2023,,TRUE,,0,,,,1043,03_24_2023,06_17_2023,,TRUE,,0,,,,1043,06_17_2023,07_31_2023,,TRUE,,0,,,,1043,07_31_2023,09_20_2023,,TRUE,,0,,,
1044,1044,03_28_2022,07_06_2022,0.26616946,TRUE,0.593208641,0,0.005252291,0.533664548,0.022753214,1044,07_06_2022,08_06_2022,0.166269109,TRUE,0.565571104,0,0.048592334,0.940612682,0.210504663,1044,08_06_2022,08_09_2022,0.046999463,FALSE,0.230663731,0,0,0,0,1044,08_09_2022,08_24_22,0.396296268,FALSE,0.591202891,0.201389645,0,0,0,1044,08_24_22,03_24_2023,0.806284495,FALSE,1.025554949,0.587014041,0,0,0,1044,03_24_2023,06_17_2023,,TRUE,,0,,,,1044,06_17_2023,07_31_2023,,TRUE,,0,,,,1044,07_31_2023,09_20_2023,,TRUE,,0,,,
1045,1045,03_28_2022,07_06_2022,,TRUE,,0,,,,1045,07_06_2022,08_06_2022,,TRUE,,0,,,,1045,08_06_2022,08_09_2022,,TRUE,,0,,,,1045,08_09_2022,08_24_22,,TRUE,,0,,,,1045,08_24_22,03_24_2023,,TRUE,,0,,,,1045,03_24_2023,06_17_2023,,TRUE,,0,,,,1045,06_17_2023,07_31_2023,0.450964119,FALSE,0.536153978,0.36577426,0,0,0,1045,07_31_2023,09_20_2023,3.023697707,FALSE,5.242488291,0.804907122,0,0,0
1046,1046,03_28_2022,07_06_2022,,TRUE,,0,,,,1046,07_06_2022,08_06_2022,,TRUE,,0,,,,1046,08_06_2022,08_09_2022,,TRUE,,0,,,,1046,08_09_2022,08_24_22,,TRUE,,0,,,,1046,08_24_22,03_24_2023,,TRUE,,0,,,,1046,03_24_2023,06_17_2023,,TRUE,,0,,,,1046,06_17_2023,07_31_2023,,TRUE,,0,,,,1046,07_31_2023,09_20_2023,,TRUE,,0,,,
1047,1047,03_28_2022,07_06_2022,,TRUE,,0,,,,1047,07_06_2022,08_06_2022,,TRUE,,0,,,,1047,08_06_2022,08_09_2022,,TRUE,,0,,,,1047,08_09_2022,08_24_22,,TRUE,,0,,,,1047,08_24_22,03_24_2023,,TRUE,,0,,,,1047,03_24_2023,06_17_2023,,TRUE,,0,,,,1047,06_17_2023,07_31_2023,,TRUE,,0,,,,1047,07_31_2023,09_20_2023,,TRUE,,0,,,
1048,1048,03_28_2022,07_06_2022,0.06635524,TRUE,0.151078775,0,0.000599324,0.262452982,0.05717598,1048,07_06_2022,08_06_2022,0.091083814,FALSE,0.142530359,0.039637269,0,0,0,1048,08_06_2022,08_09_2022,0.039887769,TRUE,0.117044608,0,0.001466847,0.77875787,0.168303506,1048,08_09_2022,08_24_22,0.085666295,TRUE,0.173879939,0,3.51E-05,0.008853886,0.004031748,1048,08_24_22,03_24_2023,0.025032772,FALSE,0.221254076,0,0,0,0,1048,03_24_2023,06_17_2023,,TRUE,,0,,,,1048,06_17_2023,07_31_2023,,TRUE,,0,,,,1048,07_31_2023,09_20_2023,,TRUE,,0,,,
1049,1049,03_28_2022,07_06_2022,,TRUE,,0,,,,1049,07_06_2022,08_06_2022,,TRUE,,0,,,,1049,08_06_2022,08_09_2022,,TRUE,,0,,,,1049,08_09_2022,08_24_22,,TRUE,,0,,,,1049,08_24_22,03_24_2023,,TRUE,,0,,,,1049,03_24_2023,06_17_2023,,TRUE,,0,,,,1049,06_17_2023,07_31_2023,,TRUE,,0,,,,1049,07_31_2023,09_20_2023,,TRUE,,0,,,
1050,1050,03_28_2022,07_06_2022,,TRUE,,0,,,,1050,07_06_2022,08_06_2022,,TRUE,,0,,,,1050,08_06_2022,08_09_2022,,TRUE,,0,,,,1050,08_09_2022,08_24_22,,TRUE,,0,,,,1050,08_24_22,03_24_2023,,TRUE,,0,,,,1050,03_24_2023,06_17_2023,,TRUE,,0,,,,1050,06_17_2023,07_31_2023,,TRUE,,0,,,,1050,07_31_2023,09_20_2023,,TRUE,,0,,,
1051,1051,03_28_2022,07_06_2022,,TRUE,,0,,,,1051,07_06_2022,08_06_2022,,TRUE,,0,,,,1051,08_06_2022,08_09_2022,,TRUE,,0,,,,1051,08_09_2022,08_24_22,,TRUE,,0,,,,1051,08_24_22,03_24_2023,,TRUE,,0,,,,1051,03_24_2023,06_17_2023,,TRUE,,0,,,,1051,06_17_2023,07_31_2023,,TRUE,,0,,,,1051,07_31_2023,09_20_2023,,TRUE,,0,,,
1052,1052,03_28_2022,07_06_2022,,TRUE,,0,,,,1052,07_06_2022,08_06_2022,,TRUE,,0,,,,1052,08_06_2022,08_09_2022,,TRUE,,0,,,,1052,08_09_2022,08_24_22,,TRUE,,0,,,,1052,08_24_22,03_24_2023,,TRUE,,0,,,,1052,03_24_2023,06_17_2023,,TRUE,,0,,,,1052,06_17_2023,07_31_2023,,TRUE,,0,,,,1052,07_31_2023,09_20_2023,,TRUE,,0,,,
1053,1053,03_28_2022,07_06_2022,,TRUE,,0,,,,1053,07_06_2022,08_06_2022,,TRUE,,0,,,,1053,08_06_2022,08_09_2022,,TRUE,,0,,,,1053,08_09_2022,08_24_22,,TRUE,,0,,,,1053,08_24_22,03_24_2023,,TRUE,,0,,,,1053,03_24_2023,06_17_2023,,TRUE,,0,,,,1053,06_17_2023,07_31_2023,0.074355911,FALSE,0.79401119,0,0,0,0,1053,07_31_2023,09_20_2023,0.483651478,TRUE,1.254574051,0,0.116979142,0.365324262,0.182525693
1054,1054,03_28_2022,07_06_2022,,TRUE,,0,,,,1054,07_06_2022,08_06_2022,,TRUE,,0,,,,1054,08_06_2022,08_09_2022,,TRUE,,0,,,,1054,08_09_2022,08_24_22,,TRUE,,0,,,,1054,08_24_22,03_24_2023,,TRUE,,0,,,,1054,03_24_2023,06_17_2023,,TRUE,,0,,,,1054,06_17_2023,07_31_2023,,TRUE,,0,,,,1054,07_31_2023,09_20_2023,,TRUE,,0,,,
1055,1055,03_28_2022,07_06_2022,0.126834422,TRUE,0.413461487,0,0.028684879,0.596148463,0.344213249,1055,07_06_2022,08_06_2022,0.246706072,FALSE,0.448279093,0.04513305,0,0,0,1055,08_06_2022,08_09_2022,0.205366163,TRUE,0.526045399,0,0.014618624,0.768481083,0.078891185,1055,08_09_2022,08_24_22,0.105653634,FALSE,0.35983373,0,0,0,0,1055,08_24_22,03_24_2023,0.157049378,FALSE,0.241142597,0.07295616,0,0,0,1055,03_24_2023,06_17_2023,,TRUE,,0,,,,1055,06_17_2023,07_31_2023,,TRUE,,0,,,,1055,07_31_2023,09_20_2023,,TRUE,,0,,,
1056,1056,03_28_2022,07_06_2022,,TRUE,,0,,,,1056,07_06_2022,08_06_2022,,TRUE,,0,,,,1056,08_06_2022,08_09_2022,,TRUE,,0,,,,1056,08_09_2022,08_24_22,,TRUE,,0,,,,1056,08_24_22,03_24_2023,,TRUE,,0,,,,1056,03_24_2023,06_17_2023,,TRUE,,0,,,,1056,06_17_2023,07_31_2023,,TRUE,,0,,,,1056,07_31_2023,09_20_2023,,TRUE,,0,,,
1057,1057,03_28_2022,07_06_2022,,TRUE,,0,,,,1057,07_06_2022,08_06_2022,,TRUE,,0,,,,1057,08_06_2022,08_09_2022,,TRUE,,0,,,,1057,08_09_2022,08_24_22,,TRUE,,0,,,,1057,08_24_22,03_24_2023,,TRUE,,0,,,,1057,03_24_2023,06_17_2023,,TRUE,,0,,,,1057,06_17_2023,07_31_2023,0.027212524,FALSE,0.175390025,0,0,0,0,1057,07_31_2023,09_20_2023,,TRUE,,0,,,
1058,1058,03_28_2022,07_06_2022,0.047227722,TRUE,0.116832473,0,0.00075569,0.340125906,0.130026474,1058,07_06_2022,08_06_2022,,TRUE,,0,,,,1058,08_06_2022,08_09_2022,,TRUE,,0,,,,1058,08_09_2022,08_24_22,0.051548135,TRUE,0.135293667,0,0.001385035,0.468766907,0.156487476,1058,08_24_22,03_24_2023,,TRUE,,0,,,,1058,03_24_2023,06_17_2023,,TRUE,,0,,,,1058,06_17_2023,07_31_2023,,TRUE,,0,,,,1058,07_31_2023,09_20_2023,,TRUE,,0,,,
1059,1059,03_28_2022,07_06_2022,,TRUE,,0,,,,1059,07_06_2022,08_06_2022,,TRUE,,0,,,,1059,08_06_2022,08_09_2022,,TRUE,,0,,,,1059,08_09_2022,08_24_22,,TRUE,,0,,,,1059,08_24_22,03_24_2023,,TRUE,,0,,,,1059,03_24_2023,06_17_2023,,TRUE,,0,,,,1059,06_17_2023,07_31_2023,,TRUE,,0,,,,1059,07_31_2023,09_20_2023,,TRUE,,0,,,
1060,1060,03_28_2022,07_06_2022,,TRUE,,0,,,,1060,07_06_2022,08_06_2022,,TRUE,,0,,,,1060,08_06_2022,08_09_2022,,TRUE,,0,,,,1060,08_09_2022,08_24_22,,TRUE,,0,,,,1060,08_24_22,03_24_2023,,TRUE,,0,,,,1060,03_24_2023,06_17_2023,,TRUE,,0,,,,1060,06_17_2023,07_31_2023,,TRUE,,0,,,,1060,07_31_2023,09_20_2023,,TRUE,,0,,,
1061,1061,03_28_2022,07_06_2022,,TRUE,,0,,,,1061,07_06_2022,08_06_2022,,TRUE,,0,,,,1061,08_06_2022,08_09_2022,,TRUE,,0,,,,1061,08_09_2022,08_24_22,,TRUE,,0,,,,1061,08_24_22,03_24_2023,,TRUE,,0,,,,1061,03_24_2023,06_17_2023,,TRUE,,0,,,,1061,06_17_2023,07_31_2023,,TRUE,,0,,,,1061,07_31_2023,09_20_2023,,TRUE,,0,,,
1062,1062,03_28_2022,07_06_2022,0.052204591,TRUE,0.201623251,0,0.009886021,0.592897996,0.536785168,1062,07_06_2022,08_06_2022,1.193240635,FALSE,1.355681891,1.030799379,0,0,0,1062,08_06_2022,08_09_2022,1.087199313,FALSE,1.2972496,0.877149026,0,0,0,1062,08_09_2022,08_24_22,0.003897201,FALSE,0.190568211,0,0,0,0,1062,08_24_22,03_24_2023,,TRUE,,0,,,,1062,03_24_2023,06_17_2023,,TRUE,,0,,,,1062,06_17_2023,07_31_2023,,TRUE,,0,,,,1062,07_31_2023,09_20_2023,,TRUE,,0,,,
1063,1063,03_28_2022,07_06_2022,,TRUE,,0,,,,1063,07_06_2022,08_06_2022,,TRUE,,0,,,,1063,08_06_2022,08_09_2022,,TRUE,,0,,,,1063,08_09_2022,08_24_22,,TRUE,,0,,,,1063,08_24_22,03_24_2023,,TRUE,,0,,,,1063,03_24_2023,06_17_2023,,TRUE,,0,,,,1063,06_17_2023,07_31_2023,,TRUE,,0,,,,1063,07_31_2023,09_20_2023,,TRUE,,0,,,
1064,1064,03_28_2022,07_06_2022,,TRUE,,0,,,,1064,07_06_2022,08_06_2022,,TRUE,,0,,,,1064,08_06_2022,08_09_2022,,TRUE,,0,,,,1064,08_09_2022,08_24_22,,TRUE,,0,,,,1064,08_24_22,03_24_2023,,TRUE,,0,,,,1064,03_24_2023,06_17_2023,,TRUE,,0,,,,1064,06_17_2023,07_31_2023,,TRUE,,0,,,,1064,07_31_2023,09_20_2023,,TRUE,,0,,,
1065,1065,03_28_2022,07_06_2022,0.200023695,TRUE,0.49083669,0,0.011318466,0.498724549,0.085048563,1065,07_06_2022,08_06_2022,0.159611912,TRUE,0.532564018,0,0.050844448,0.579386605,0.382052399,1065,08_06_2022,08_09_2022,0.047297611,FALSE,0.267781553,0,0,0,0,1065,08_09_2022,08_24_22,0.017624789,TRUE,0.139754047,0,0.008852895,0.990042225,0.595703854,1065,08_24_22,03_24_2023,0.113815698,FALSE,0.38639699,0,0,0,0,1065,03_24_2023,06_17_2023,4.573766083,FALSE,4.948907706,4.198624461,0,0,0,1065,06_17_2023,07_31_2023,,TRUE,,0,,,,1065,07_31_2023,09_20_2023,,TRUE,,0,,,
1066,1066,03_28_2022,07_06_2022,,TRUE,,0,,,,1066,07_06_2022,08_06_2022,,TRUE,,0,,,,1066,08_06_2022,08_09_2022,,TRUE,,0,,,,1066,08_09_2022,08_24_22,,TRUE,,0,,,,1066,08_24_22,03_24_2023,,TRUE,,0,,,,1066,03_24_2023,06_17_2023,,TRUE,,0,,,,1066,06_17_2023,07_31_2023,,TRUE,,0,,,,1066,07_31_2023,09_20_2023,,TRUE,,0,,,
1067,1067,03_28_2022,07_06_2022,,TRUE,,0,,,,1067,07_06_2022,08_06_2022,,TRUE,,0,,,,1067,08_06_2022,08_09_2022,,TRUE,,0,,,,1067,08_09_2022,08_24_22,,TRUE,,0,,,,1067,08_24_22,03_24_2023,,TRUE,,0,,,,1067,03_24_2023,06_17_2023,,TRUE,,0,,,,1067,06_17_2023,07_31_2023,,TRUE,,0,,,,1067,07_31_2023,09_20_2023,,TRUE,,0,,,
1068,1068,03_28_2022,07_06_2022,,TRUE,,0,,,,1068,07_06_2022,08_06_2022,,TRUE,,0,,,,1068,08_06_2022,08_09_2022,,TRUE,,0,,,,1068,08_09_2022,08_24_22,,TRUE,,0,,,,1068,08_24_22,03_24_2023,,TRUE,,0,,,,1068,03_24_2023,06_17_2023,,TRUE,,0,,,,1068,06_17_2023,07_31_2023,,TRUE,,0,,,,1068,07_31_2023,09_20_2023,,TRUE,,0,,,
1069,1069,03_28_2022,07_06_2022,,TRUE,,0,,,,1069,07_06_2022,08_06_2022,,TRUE,,0,,,,1069,08_06_2022,08_09_2022,,TRUE,,0,,,,1069,08_09_2022,08_24_22,,TRUE,,0,,,,1069,08_24_22,03_24_2023,,TRUE,,0,,,,1069,03_24_2023,06_17_2023,,TRUE,,0,,,,1069,06_17_2023,07_31_2023,,TRUE,,0,,,,1069,07_31_2023,09_20_2023,,TRUE,,0,,,
1070,1070,03_28_2022,07_06_2022,,TRUE,,0,,,,1070,07_06_2022,08_06_2022,,TRUE,,0,,,,1070,08_06_2022,08_09_2022,,TRUE,,0,,,,1070,08_09_2022,08_24_22,,TRUE,,0,,,,1070,08_24_22,03_24_2023,,TRUE,,0,,,,1070,03_24_2023,06_17_2023,,TRUE,,0,,,,1070,06_17_2023,07_31_2023,,TRUE,,0,,,,1070,07_31_2023,09_20_2023,,TRUE,,0,,,
