particleID,gravelometer_size,ID,Date1,Date2,DistanceD,intersect?,intersection_area,MaxD,MinD,Radius1,Radius2,Date1,Date2,DistanceD,intersect?,intersection_area,MaxD,MinD,Radius1,Radius2,Date1,Date2,DistanceD,intersect?,intersection_area,MaxD,MinD,Radius1,Radius2,Date1,Date2,DistanceD,intersect?,intersection_area,MaxD,MinD,Radius1,Radius2,Date1,Date2,DistanceD,intersect?,intersection_area,MaxD,MinD,Radius1,Radius2,Date1,Date2,DistanceD,intersect?,intersection_area,MaxD,MinD,Radius1,Radius2,Date1,Date2,DistanceD,intersect?,intersection_area,MaxD,MinD,Radius1,Radius2,Date1,Date2,DistanceD,intersect?,intersection_area,MaxD,MinD,Radius1,Radius2
1,128,1,03_28_2022,07_06_2022,0.223329443,FALSE,0,0.379837099,0.066821786,0.127602329,0.028905328,07_06_2022,08_06_2022,0.086301085,FALSE,0,0.16426477,0.0083374,0.028905328,0.049058357,08_06_2022,08_09_2022,0.027934579,FALSE,0,0.177991874,0,0.049058357,0.100998938,08_09_2022,08_24_22,0.053108613,FALSE,0,0.361646688,0,0.100998938,0.207539137,08_24_22,03_24_2023,0.128442682,FALSE,0,0.384112983,0,0.207539137,0.048131164,03_24_2023,06_17_2023,0.346954181,TRUE,0.0065343,0.775442795,0,0.048131164,0.38035745,06_17_2023,07_31_2023,0.184628625,FALSE,0,0.610487214,0,0.38035745,0.045501139,07_31_2023,09_20_2023,3.021751375,FALSE,0,5.853389052,0.190113697,0.045501139,2.786136538
7,128,7,03_28_2022,07_06_2022,0.190868719,TRUE,0.013546394,0.478110484,0,0.180498633,0.106743133,07_06_2022,08_06_2022,0.095223671,FALSE,0,0.404243669,0,0.106743133,0.202276865,08_06_2022,08_09_2022,0.16044861,TRUE,0.036609199,0.500346645,0,0.202276865,0.13762117,08_09_2022,08_24_22,0.08111763,FALSE,0,0.234499434,0,0.13762117,0.015760634,08_24_22,03_24_2023,0.076491561,FALSE,0,0.447427838,0,0.015760634,0.355175643,03_24_2023,06_17_2023,0.337611098,TRUE,0.023390547,0.807863744,0,0.355175643,0.115077003,06_17_2023,07_31_2023,0.086333624,TRUE,0.021168762,0.312666345,0,0.115077003,0.111255717,07_31_2023,09_20_2023,0.121837267,TRUE,0.038380539,0.459140799,0,0.111255717,0.226047815
168,128,168,03_28_2022,07_06_2022,,,0,,,,,07_06_2022,08_06_2022,,,0,,,,,08_06_2022,08_09_2022,,,0,,,,,08_09_2022,08_24_22,,,0,,,,,08_24_22,03_24_2023,,,0,,,,,03_24_2023,06_17_2023,,,0,,,,0.107260879,06_17_2023,07_31_2023,0.123429225,TRUE,0.00505445,0.303971718,0,0.107260879,0.073281613,07_31_2023,09_20_2023,0.140479197,TRUE,0.000508717,0.293461994,0,0.073281613,0.079701184
167,128,167,03_28_2022,07_06_2022,,,0,,,,,07_06_2022,08_06_2022,,,0,,,,,08_06_2022,08_09_2022,,,0,,,,,08_09_2022,08_24_22,,,0,,,,,08_24_22,03_24_2023,,,0,,,,,03_24_2023,06_17_2023,,,0,,,,0.091405389,06_17_2023,07_31_2023,0.100586663,TRUE,0.009297244,0.285937576,0,0.091405389,0.093945523,07_31_2023,09_20_2023,2.933294418,FALSE,0,4.653315695,1.213273142,0.093945523,1.626075753
8,128,8,03_28_2022,07_06_2022,0.116170037,FALSE,0,0.396216425,0,0.075599251,0.204447137,07_06_2022,08_06_2022,0.130579911,FALSE,0,0.362405553,0,0.204447137,0.027378505,08_06_2022,08_09_2022,0.058412399,FALSE,0,0.199939513,0,0.027378505,0.11414861,08_09_2022,08_24_22,0.04220403,TRUE,0.030232328,0.266995375,0,0.11414861,0.110642735,08_24_22,03_24_2023,,,0,,,0.110642735,,03_24_2023,06_17_2023,,,0,,,,,06_17_2023,07_31_2023,,,0,,,,0.180120853,07_31_2023,09_20_2023,0.106155551,TRUE,0.019346165,0.365241668,0,0.180120853,0.078965264
169,128,169,03_28_2022,07_06_2022,,,0,,,,,07_06_2022,08_06_2022,,,0,,,,,08_06_2022,08_09_2022,,,0,,,,,08_09_2022,08_24_22,,,0,,,,,08_24_22,03_24_2023,,,0,,,,,03_24_2023,06_17_2023,,,0,,,,0.208897456,06_17_2023,07_31_2023,0.065714427,TRUE,0.111799508,0.487013257,0,0.208897456,0.212401374,07_31_2023,09_20_2023,0.089145839,TRUE,0.05933345,0.441737445,0,0.212401374,0.140190232
6,128,6,03_28_2022,07_06_2022,,,0,,,,,07_06_2022,08_06_2022,,,0,,,,,08_06_2022,08_09_2022,,,0,,,,,08_09_2022,08_24_22,,,0,,,,,08_24_22,03_24_2023,,,0,,,,0.108974297,03_24_2023,06_17_2023,0.452071932,TRUE,0.007913831,0.965567363,0,0.108974297,0.404521134,06_17_2023,07_31_2023,0.361664517,FALSE,0,0.78965738,0,0.404521134,0.023471729,07_31_2023,09_20_2023,0.062974198,FALSE,0,0.096370224,0.029578172,0.023471729,0.009924297
3,128,3,03_28_2022,07_06_2022,0.098652585,FALSE,0,0.177457028,0.019848142,0.029995358,0.048809085,07_06_2022,08_06_2022,1.997096746,FALSE,0,2.4824729,1.511720592,0.048809085,0.436567069,08_06_2022,08_09_2022,1.931704803,FALSE,0,2.443373404,1.420036201,0.436567069,0.075101533,08_09_2022,08_24_22,0.016237091,FALSE,0,0.310433374,0,0.075101533,0.21909475,08_24_22,03_24_2023,2.551018929,FALSE,0,2.94824621,2.153791648,0.21909475,0.178132531,03_24_2023,06_17_2023,2.537552187,FALSE,0,2.72528386,2.349820515,0.178132531,0.009599142,06_17_2023,07_31_2023,0.062867167,FALSE,0,0.349132741,0,0.009599142,0.276666431,07_31_2023,09_20_2023,0.187412191,TRUE,0.027154304,0.55735276,0,0.276666431,0.093274138
44,90,44,03_28_2022,07_06_2022,0.188001859,TRUE,0.011807534,0.481764629,0,0.067953433,0.225809336,07_06_2022,08_06_2022,0.130999927,FALSE,0,0.449611403,0,0.225809336,0.09280214,08_06_2022,08_09_2022,0.024132605,FALSE,0,0.183205326,0,0.09280214,0.066270581,08_09_2022,08_24_22,0.038354721,FALSE,0,0.10824921,0,0.066270581,0.003623909,08_24_22,03_24_2023,0.030127117,FALSE,0,0.18178028,0,0.003623909,0.148029254,03_24_2023,06_17_2023,1.888940648,FALSE,0,2.051952035,1.725929261,0.148029254,0.014982133,06_17_2023,07_31_2023,0.034121002,FALSE,0,0.067270358,0.000971646,0.014982133,0.018167223,07_31_2023,09_20_2023,0.030599668,FALSE,0,0.059750476,0.00144886,0.018167223,0.010983585
157,90,157,03_28_2022,07_06_2022,,,0,,,,,07_06_2022,08_06_2022,,,0,,,,,08_06_2022,08_09_2022,,,0,,,,,08_09_2022,08_24_22,,,0,,,,,08_24_22,03_24_2023,,,0,,,,,03_24_2023,06_17_2023,,,0,,,,0.038147371,06_17_2023,07_31_2023,0.032540587,FALSE,0,0.070798636,0,0.038147371,0.000110678,07_31_2023,09_20_2023,0.038814962,FALSE,0,0.08654465,0,0.000110678,0.04761901
156,90,156,03_28_2022,07_06_2022,,,0,,,,,07_06_2022,08_06_2022,,,0,,,,,08_06_2022,08_09_2022,,,0,,,,,08_09_2022,08_24_22,,,0,,,,,08_24_22,03_24_2023,,,0,,,,,03_24_2023,06_17_2023,,,0,,,,0.275803905,06_17_2023,07_31_2023,0.108586934,TRUE,0.163511585,0.639643279,0,0.275803905,0.25525244,07_31_2023,09_20_2023,0.045289576,TRUE,0.178590025,0.551901562,0,0.25525244,0.251359545
113,90,113,03_28_2022,07_06_2022,,,0,,,0.060371525,,07_06_2022,08_06_2022,,,0,,,,0.220326013,08_06_2022,08_09_2022,,,0,,,0.220326013,,08_09_2022,08_24_22,,,0,,,,,08_24_22,03_24_2023,,,0,,,,,03_24_2023,06_17_2023,,,0,,,,,06_17_2023,07_31_2023,,,0,,,,,07_31_2023,09_20_2023,,,0,,,,
154,90,154,03_28_2022,07_06_2022,,,0,,,,,07_06_2022,08_06_2022,,,0,,,,,08_06_2022,08_09_2022,,,0,,,,,08_09_2022,08_24_22,,,0,,,,,08_24_22,03_24_2023,,,0,,,,,03_24_2023,06_17_2023,,,0,,,,0.08080634,06_17_2023,07_31_2023,0.063521871,TRUE,0.015860831,0.253558574,0,0.08080634,0.109230363,07_31_2023,09_20_2023,0.127250386,TRUE,0.001046303,0.277106169,0,0.109230363,0.04062542
153,90,153,03_28_2022,07_06_2022,,,0,,,,,07_06_2022,08_06_2022,,,0,,,,,08_06_2022,08_09_2022,,,0,,,,,08_09_2022,08_24_22,,,0,,,,,08_24_22,03_24_2023,,,0,,,,,03_24_2023,06_17_2023,,,0,,,,0.081618496,06_17_2023,07_31_2023,0.095952304,TRUE,0.009500953,0.279157935,0,0.081618496,0.101587135,07_31_2023,09_20_2023,2.774045606,FALSE,0,4.859025411,0.689065801,0.101587135,1.98339267
152,90,152,03_28_2022,07_06_2022,,,0,,,,,07_06_2022,08_06_2022,,,0,,,,,08_06_2022,08_09_2022,,,0,,,,,08_09_2022,08_24_22,,,0,,,,,08_24_22,03_24_2023,,,0,,,,,03_24_2023,06_17_2023,,,0,,,,0.009643119,06_17_2023,07_31_2023,0.087564885,FALSE,0,0.145005276,0.030124494,0.009643119,0.047797273,07_31_2023,09_20_2023,0.067224167,TRUE,3.30E-06,0.135049776,0,0.047797273,0.020028336
151,90,151,03_28_2022,07_06_2022,,,0,,,,,07_06_2022,08_06_2022,,,0,,,,,08_06_2022,08_09_2022,,,0,,,,,08_09_2022,08_24_22,,,0,,,,,08_24_22,03_24_2023,,,0,,,,,03_24_2023,06_17_2023,,,0,,,,0.011091856,06_17_2023,07_31_2023,0.017247674,FALSE,0,0.14798338,0,0.011091856,0.11964385,07_31_2023,09_20_2023,3.035980665,FALSE,0,4.009557383,2.062403947,0.11964385,0.853932868
41,90,41,03_28_2022,07_06_2022,0.035845475,TRUE,0.000295202,0.084886038,0,0.029215568,0.019824995,07_06_2022,08_06_2022,0.123875351,FALSE,0,0.163798289,0.083952412,0.019824995,0.020097944,08_06_2022,08_09_2022,0.055950786,TRUE,0.000979525,0.141754801,0,0.020097944,0.065706072,08_09_2022,08_24_22,0.065918049,TRUE,0.004973851,0.19509016,0,0.065706072,0.063466039,08_24_22,03_24_2023,0.042102681,TRUE,0.001465501,0.127176523,0,0.063466039,0.021607803,03_24_2023,06_17_2023,,,0,,,0.021607803,,06_17_2023,07_31_2023,,,0,,,,,07_31_2023,09_20_2023,,,0,,,,2.599316338
150,90,150,03_28_2022,07_06_2022,,,0,,,,,07_06_2022,08_06_2022,,,0,,,,,08_06_2022,08_09_2022,,,0,,,,,08_09_2022,08_24_22,,,0,,,,,08_24_22,03_24_2023,,,0,,,,,03_24_2023,06_17_2023,,,0,,,,0.010703818,06_17_2023,07_31_2023,0.016305336,FALSE,0,0.065640505,0,0.010703818,0.038631351,07_31_2023,09_20_2023,0.041946932,TRUE,0.001300314,0.114992242,0,0.038631351,0.034413959
2,90,2,03_28_2022,07_06_2022,0.11297547,TRUE,0.030149727,0.409588163,0,0.101170942,0.195441752,07_06_2022,08_06_2022,0.23867149,FALSE,0,0.463467353,0.013875628,0.195441752,0.029354111,08_06_2022,08_09_2022,0.044501277,FALSE,0,0.078701354,0.0103012,0.029354111,0.004845966,08_09_2022,08_24_22,0.08306104,FALSE,0,0.155500398,0.010621682,0.004845966,0.067593392,08_24_22,03_24_2023,,,0,,,0.067593392,,03_24_2023,06_17_2023,,,0,,,,,06_17_2023,07_31_2023,,,0,,,,0.128654831,07_31_2023,09_20_2023,0.101675162,TRUE,0.036574202,0.392289827,0,0.128654831,0.161959833
114,90,114,03_28_2022,07_06_2022,0.093970509,TRUE,1.35E-06,0.188220063,0,0.04784238,0.046407174,07_06_2022,08_06_2022,0.25442939,FALSE,0,0.436708479,0.072150301,0.046407174,0.135871915,08_06_2022,08_09_2022,0.184621878,TRUE,0.021521098,0.494595262,0,0.135871915,0.174101469,08_09_2022,08_24_22,0.094038953,FALSE,0,0.275097269,0,0.174101469,0.006956847,08_24_22,03_24_2023,0.552789023,FALSE,0,0.645693215,0.459884832,0.006956847,0.085947345,03_24_2023,06_17_2023,,,0,,,0.085947345,,06_17_2023,07_31_2023,,,0,,,,,07_31_2023,09_20_2023,,,0,,,,
155,90,155,03_28_2022,07_06_2022,,,0,,,,,07_06_2022,08_06_2022,,,0,,,,,08_06_2022,08_09_2022,,,0,,,,,08_09_2022,08_24_22,,,0,,,,,08_24_22,03_24_2023,,,0,,,,,03_24_2023,06_17_2023,,,0,,,,0.047873686,06_17_2023,07_31_2023,0.162511802,TRUE,0.005909768,0.399792071,0,0.047873686,0.189406583,07_31_2023,09_20_2023,0.216633075,TRUE,0.027183388,0.572035543,0,0.189406583,0.165995885
22,90,22,03_28_2022,07_06_2022,2.987451876,FALSE,0,3.472192115,2.502711637,0.404678523,0.080061716,07_06_2022,08_06_2022,,,0,,,0.080061716,,08_06_2022,08_09_2022,,,0,,,,,08_09_2022,08_24_22,,,0,,,,,08_24_22,03_24_2023,,,0,,,,,03_24_2023,06_17_2023,,,0,,,,,06_17_2023,07_31_2023,,,0,,,,,07_31_2023,09_20_2023,,,0,,,,0.234929715
42,90,42,03_28_2022,07_06_2022,,,0,,,0.293401299,,07_06_2022,08_06_2022,,,0,,,,,08_06_2022,08_09_2022,,,0,,,,,08_09_2022,08_24_22,,,0,,,,,08_24_22,03_24_2023,,,0,,,,,03_24_2023,06_17_2023,,,0,,,,,06_17_2023,07_31_2023,,,0,,,,0.074264566,07_31_2023,09_20_2023,0.048168882,FALSE,0,0.129111358,0,0.074264566,0.006677911
43,90,43,03_28_2022,07_06_2022,0.188970677,FALSE,0,0.28674718,0.091194173,0.069996751,0.027779753,07_06_2022,08_06_2022,,,0,,,0.027779753,,08_06_2022,08_09_2022,,,0,,,,0.105880602,08_09_2022,08_24_22,0.076432389,TRUE,0.019589973,0.288968777,0,0.105880602,0.106655787,08_24_22,03_24_2023,,,0,,,0.106655787,,03_24_2023,06_17_2023,,,0,,,,,06_17_2023,07_31_2023,,,0,,,,,07_31_2023,09_20_2023,,,0,,,,
4,90,4,03_28_2022,07_06_2022,0.059541597,FALSE,0,0.303916516,0,0.195457405,0.048917515,07_06_2022,08_06_2022,,,0,,,0.048917515,,08_06_2022,08_09_2022,,,0,,,,,08_09_2022,08_24_22,,,0,,,,,08_24_22,03_24_2023,,,0,,,,,03_24_2023,06_17_2023,,,0,,,,0.08453835,06_17_2023,07_31_2023,0.005570253,FALSE,0,0.141904186,0,0.08453835,0.051795584,07_31_2023,09_20_2023,,,0,,,0.051795584,
5,90,5,03_28_2022,07_06_2022,,,0,,,,,07_06_2022,08_06_2022,,,0,,,,,08_06_2022,08_09_2022,,,0,,,,,08_09_2022,08_24_22,,,0,,,,,08_24_22,03_24_2023,,,0,,,,0.199439119,03_24_2023,06_17_2023,,,0,,,0.199439119,,06_17_2023,07_31_2023,,,0,,,,,07_31_2023,09_20_2023,,,0,,,,0.108293306
9,90,9,03_28_2022,07_06_2022,,,0,,,,,07_06_2022,08_06_2022,,,0,,,,,08_06_2022,08_09_2022,,,0,,,,,08_09_2022,08_24_22,,,0,,,,,08_24_22,03_24_2023,,,0,,,,0.059822001,03_24_2023,06_17_2023,0.019344285,FALSE,0,0.081793506,0,0.059822001,0.00262722,06_17_2023,07_31_2023,0.014022054,FALSE,0,0.067287708,0,0.00262722,0.050638434,07_31_2023,09_20_2023,2.735931707,FALSE,0,4.815375826,0.656487588,0.050638434,2.028805685
11,90,11,03_28_2022,07_06_2022,,,0,,,,,07_06_2022,08_06_2022,,,0,,,,,08_06_2022,08_09_2022,,,0,,,,,08_09_2022,08_24_22,,,0,,,,,08_24_22,03_24_2023,,,0,,,,0.081542727,03_24_2023,06_17_2023,0.356742926,FALSE,0,1.042376595,0,0.081542727,0.604090942,06_17_2023,07_31_2023,0.029646743,FALSE,0,1.171024516,0,0.604090942,0.53728683,07_31_2023,09_20_2023,0.068734054,FALSE,0,1.041413428,0,0.53728683,0.435392544
12,90,12,03_28_2022,07_06_2022,,,0,,,,,07_06_2022,08_06_2022,,,0,,,,,08_06_2022,08_09_2022,,,0,,,,,08_09_2022,08_24_22,,,0,,,,,08_24_22,03_24_2023,,,0,,,,0.027974929,03_24_2023,06_17_2023,1.465804021,FALSE,0,1.537823263,1.393784778,0.027974929,0.044044314,06_17_2023,07_31_2023,0.038497149,FALSE,0,0.180188341,0,0.044044314,0.097646878,07_31_2023,09_20_2023,0.047571022,TRUE,0.016525223,0.226895701,0,0.097646878,0.081677802
94,64,94,03_28_2022,07_06_2022,0.173753398,FALSE,0,0.345494569,0.002012227,0.0934207,0.078320471,07_06_2022,08_06_2022,0.128965694,TRUE,0.00051368,0.270891464,0,0.078320471,0.063605298,08_06_2022,08_09_2022,0.125349403,FALSE,0,0.242619024,0.008079783,0.063605298,0.053664323,08_09_2022,08_24_22,0.139631967,FALSE,0,0.271718641,0.007545293,0.053664323,0.078422352,08_24_22,03_24_2023,,,0,,,0.078422352,,03_24_2023,06_17_2023,,,0,,,,,06_17_2023,07_31_2023,,,0,,,,0.018288012,07_31_2023,09_20_2023,0.091445823,FALSE,0,0.265417381,0,0.018288012,0.155683546
90,64,90,03_28_2022,07_06_2022,0.04274452,TRUE,0.022048361,0.245114312,0,0.116013832,0.08635596,07_06_2022,08_06_2022,0.038544024,TRUE,0.00782276,0.17502409,0,0.08635596,0.050124106,08_06_2022,08_09_2022,0.051840017,FALSE,0,0.209783269,0,0.050124106,0.107819145,08_09_2022,08_24_22,0.148765553,TRUE,0.012391337,0.391292992,0,0.107819145,0.134708294,08_24_22,03_24_2023,0.138123336,TRUE,0.012025259,0.37048519,0,0.134708294,0.09765356,03_24_2023,06_17_2023,0.031569133,TRUE,0.022709055,0.222922422,0,0.09765356,0.093699729,06_17_2023,07_31_2023,0.175584489,TRUE,0.002465651,0.383846983,0,0.093699729,0.114562765,07_31_2023,09_20_2023,0.008011529,FALSE,0,0.226469192,0,0.114562765,0.103894899
92,64,92,03_28_2022,07_06_2022,,,0,,,,,07_06_2022,08_06_2022,,,0,,,,,08_06_2022,08_09_2022,,,0,,,,,08_09_2022,08_24_22,,,0,,,,,08_24_22,03_24_2023,,,0,,,,0.060819945,03_24_2023,06_17_2023,1.781845344,FALSE,0,1.861304917,1.70238577,0.060819945,0.018639629,06_17_2023,07_31_2023,0.03013365,FALSE,0,0.149677709,0,0.018639629,0.10090443,07_31_2023,09_20_2023,0.23672388,TRUE,0.017584871,0.589153912,0,0.10090443,0.251525602
111,64,111,03_28_2022,07_06_2022,,,0,,,,,07_06_2022,08_06_2022,,,0,,,,,08_06_2022,08_09_2022,,,0,,,,,08_09_2022,08_24_22,,,0,,,,,08_24_22,03_24_2023,,,0,,,,0.568213065,03_24_2023,06_17_2023,0.15258468,FALSE,0,0.782553089,0,0.568213065,0.061755343,06_17_2023,07_31_2023,0.103868682,FALSE,0,0.175455896,0.032281468,0.061755343,0.009831871,07_31_2023,09_20_2023,3.106525759,FALSE,0,3.965672254,2.247379264,0.009831871,0.849314624
112,64,112,03_28_2022,07_06_2022,0.062308534,FALSE,0,0.484230078,0,0.149430616,0.272490928,07_06_2022,08_06_2022,0.06040812,FALSE,0,0.472744472,0,0.272490928,0.139845423,08_06_2022,08_09_2022,0.082436914,TRUE,0.033911993,0.348668127,0,0.139845423,0.12638579,08_09_2022,08_24_22,0.04283561,FALSE,0,0.205890159,0,0.12638579,0.03666876,08_24_22,03_24_2023,0.050459271,FALSE,0,0.197844811,0,0.03666876,0.110716781,03_24_2023,06_17_2023,4.31798367,FALSE,0,4.531067195,4.104900145,0.110716781,0.102366744,06_17_2023,07_31_2023,0.317489156,FALSE,0,0.458135996,0.176842316,0.102366744,0.038280096,07_31_2023,09_20_2023,0.241786335,FALSE,0,0.303352755,0.180219915,0.038280096,0.023286324
96,64,96,03_28_2022,07_06_2022,,,0,,,,,07_06_2022,08_06_2022,,,0,,,,,08_06_2022,08_09_2022,,,0,,,,,08_09_2022,08_24_22,,,0,,,,,08_24_22,03_24_2023,,,0,,,,0.053476059,03_24_2023,06_17_2023,1.736949868,FALSE,0,1.858227335,1.615672401,0.053476059,0.067801408,06_17_2023,07_31_2023,0.044721647,FALSE,0,0.347940811,0,0.067801408,0.235417756,07_31_2023,09_20_2023,0.108607633,FALSE,0,0.344184877,0,0.235417756,0.000159488
97,64,97,03_28_2022,07_06_2022,,,0,,,,,07_06_2022,08_06_2022,,,0,,,,,08_06_2022,08_09_2022,,,0,,,,,08_09_2022,08_24_22,,,0,,,,,08_24_22,03_24_2023,,,0,,,,0.048959832,03_24_2023,06_17_2023,18.61091351,FALSE,0,19.20983871,18.01198831,0.048959832,0.549965365,06_17_2023,07_31_2023,0.096719961,TRUE,0.678430395,1.112962053,0,0.549965365,0.466276727,07_31_2023,09_20_2023,0.07387352,FALSE,0,1.13126442,0,0.466276727,0.591114174
99,64,99,03_28_2022,07_06_2022,0.055738682,TRUE,0.02907769,0.292447379,0,0.100598213,0.136110484,07_06_2022,08_06_2022,1.792687031,FALSE,0,2.062394295,1.522979767,0.136110484,0.13359678,08_06_2022,08_09_2022,1.334434179,FALSE,0,1.647083997,1.021784362,0.13359678,0.179053038,08_09_2022,08_24_22,0.364198389,FALSE,0,0.566674767,0.161722012,0.179053038,0.023423339,08_24_22,03_24_2023,1.880667929,FALSE,0,2.239946502,1.521389356,0.023423339,0.335855234,03_24_2023,06_17_2023,,,0,,,0.335855234,,06_17_2023,07_31_2023,,,0,,,,,07_31_2023,09_20_2023,,,0,,,,0.076360132
115,64,115,03_28_2022,07_06_2022,,,0,,,,,07_06_2022,08_06_2022,,,0,,,,,08_06_2022,08_09_2022,,,0,,,,,08_09_2022,08_24_22,,,0,,,,,08_24_22,03_24_2023,,,0,,,,,03_24_2023,06_17_2023,,,0,,,,,06_17_2023,07_31_2023,,,0,,,,,07_31_2023,09_20_2023,,,0,,,,
101,64,101,03_28_2022,07_06_2022,,,0,,,,,07_06_2022,08_06_2022,,,0,,,,,08_06_2022,08_09_2022,,,0,,,,,08_09_2022,08_24_22,,,0,,,,,08_24_22,03_24_2023,,,0,,,,,03_24_2023,06_17_2023,,,0,,,,0.012294071,06_17_2023,07_31_2023,0.054075167,FALSE,0,0.083393444,0.024756889,0.012294071,0.017024207,07_31_2023,09_20_2023,2.798032692,FALSE,0,5.271983685,0.3240817,0.017024207,2.456926786
105,64,105,03_28_2022,07_06_2022,2.212234043,FALSE,0,2.562054504,1.862413582,0.073715037,0.276105424,07_06_2022,08_06_2022,,,0,,,0.276105424,,08_06_2022,08_09_2022,,,0,,,,,08_09_2022,08_24_22,,,0,,,,0.011748238,08_24_22,03_24_2023,0.045445715,TRUE,0.00027056,0.105411795,0,0.011748238,0.048217842,03_24_2023,06_17_2023,0.147887396,FALSE,0,0.294294719,0.001480072,0.048217842,0.098189482,06_17_2023,07_31_2023,0.037509038,FALSE,0,0.147177445,0,0.098189482,0.011478925,07_31_2023,09_20_2023,,,0,,,0.011478925,
106,64,106,03_28_2022,07_06_2022,0.046737324,TRUE,0.022043631,0.247040629,0,0.094355625,0.105947679,07_06_2022,08_06_2022,0.169877013,TRUE,0.005268485,0.393039886,0,0.105947679,0.117215195,08_06_2022,08_09_2022,0.135397736,TRUE,0.016452155,0.383496434,0,0.117215195,0.130883504,08_09_2022,08_24_22,0.038046611,FALSE,0,0.22947682,0,0.130883504,0.060546706,08_24_22,03_24_2023,0.054560777,TRUE,0.006323116,0.184339689,0,0.060546706,0.069232207,03_24_2023,06_17_2023,1.775068234,FALSE,0,2.298789443,1.251347024,0.069232207,0.454489003,06_17_2023,07_31_2023,,,0,,,0.454489003,,07_31_2023,09_20_2023,,,0,,,,0.325216438
95,64,95,03_28_2022,07_06_2022,0.091832438,TRUE,0.003546883,0.232687086,0,0.058541698,0.08231295,07_06_2022,08_06_2022,0.070994837,TRUE,0.004499854,0.203162037,0,0.08231295,0.049854249,08_06_2022,08_09_2022,0.019472698,TRUE,0.006022157,0.120233991,0,0.049854249,0.050907044,08_09_2022,08_24_22,0.036507184,TRUE,0.007740804,0.167440785,0,0.050907044,0.080026557,08_24_22,03_24_2023,,,0,,,0.080026557,,03_24_2023,06_17_2023,,,0,,,,,06_17_2023,07_31_2023,,,0,,,,0.063070414,07_31_2023,09_20_2023,0.140187067,TRUE,0.000646306,0.295184118,0,0.063070414,0.091926638
88,64,88,03_28_2022,07_06_2022,,,0,,,,,07_06_2022,08_06_2022,,,0,,,,,08_06_2022,08_09_2022,,,0,,,,,08_09_2022,08_24_22,,,0,,,,,08_24_22,03_24_2023,,,0,,,,0.163311681,03_24_2023,06_17_2023,1.713868453,FALSE,0,1.993247083,1.434489823,0.163311681,0.116066949,06_17_2023,07_31_2023,,,0,,,0.116066949,,07_31_2023,09_20_2023,,,0,,,,
23,64,23,03_28_2022,07_06_2022,,,0,,,,,07_06_2022,08_06_2022,,,0,,,,,08_06_2022,08_09_2022,,,0,,,,,08_09_2022,08_24_22,,,0,,,,,08_24_22,03_24_2023,,,0,,,,,03_24_2023,06_17_2023,,,0,,,,0.158385586,06_17_2023,07_31_2023,0.116541563,TRUE,0.062524062,0.486452176,0,0.158385586,0.211525027,07_31_2023,09_20_2023,0.010205089,FALSE,0,0.3303952,0,0.211525027,0.108665084
16,64,16,03_28_2022,07_06_2022,0.207730119,TRUE,0.036537668,0.588884474,0,0.143476252,0.237678104,07_06_2022,08_06_2022,0.13411287,TRUE,0.046709817,0.497469856,0,0.237678104,0.125678882,08_06_2022,08_09_2022,0.052949484,TRUE,0.030129554,0.28656476,0,0.125678882,0.107936394,08_09_2022,08_24_22,0.148751872,TRUE,0.004272438,0.345972944,0,0.107936394,0.089284677,08_24_22,03_24_2023,1.536421787,FALSE,0,1.786122555,1.28672102,0.089284677,0.16041609,03_24_2023,06_17_2023,6.502599729,FALSE,0,7.349472549,5.65572691,0.16041609,0.686456729,06_17_2023,07_31_2023,0.380892546,TRUE,0.571517969,1.533677005,0,0.686456729,0.46632773,07_31_2023,09_20_2023,,,0,,,0.46632773,
24,64,24,03_28_2022,07_06_2022,,,0,,,,,07_06_2022,08_06_2022,,,0,,,,,08_06_2022,08_09_2022,,,0,,,,,08_09_2022,08_24_22,,,0,,,,,08_24_22,03_24_2023,,,0,,,,0.195301978,03_24_2023,06_17_2023,1.609478562,FALSE,0,1.928920675,1.29003645,0.195301978,0.124140134,06_17_2023,07_31_2023,0.10067383,FALSE,0,0.568408656,0,0.124140134,0.343594692,07_31_2023,09_20_2023,0.071671543,FALSE,0,0.534310666,0,0.343594692,0.11904443
25,64,25,03_28_2022,07_06_2022,0.239727604,FALSE,0,0.7349058,0,0.403763831,0.091414365,07_06_2022,08_06_2022,2.239870231,FALSE,0,2.367492126,2.112248336,0.091414365,0.03620753,08_06_2022,08_09_2022,0.884107641,FALSE,0,1.229561687,0.538653595,0.03620753,0.309246516,08_09_2022,08_24_22,0.388311188,FALSE,0,0.744756074,0.031866302,0.309246516,0.04719837,08_24_22,03_24_2023,1.518992509,FALSE,0,1.60936206,1.428622959,0.04719837,0.04317118,03_24_2023,06_17_2023,1.739740064,FALSE,0,1.837727135,1.641752994,0.04317118,0.05481589,06_17_2023,07_31_2023,0.046643198,TRUE,0.003140404,0.145016128,0,0.05481589,0.04355704,07_31_2023,09_20_2023,,,0,,,0.04355704,
28,64,28,03_28_2022,07_06_2022,,,0,,,,,07_06_2022,08_06_2022,,,0,,,,,08_06_2022,08_09_2022,,,0,,,,,08_09_2022,08_24_22,,,0,,,,,08_24_22,03_24_2023,,,0,,,,,03_24_2023,06_17_2023,,,0,,,,,06_17_2023,07_31_2023,,,0,,,,,07_31_2023,09_20_2023,,,0,,,,
29,64,29,03_28_2022,07_06_2022,0.026818659,TRUE,8.47E-05,0.06008888,0,0.013706025,0.019564197,07_06_2022,08_06_2022,0.097592553,FALSE,0,0.144522823,0.050662284,0.019564197,0.027366073,08_06_2022,08_09_2022,0.03167801,FALSE,0,0.127272707,0,0.027366073,0.068228624,08_09_2022,08_24_22,0.058393333,TRUE,0.002033969,0.158255637,0,0.068228624,0.03163368,08_24_22,03_24_2023,0.101396638,FALSE,0,0.195319666,0.00747361,0.03163368,0.062289348,03_24_2023,06_17_2023,,,0,,,0.062289348,,06_17_2023,07_31_2023,,,0,,,,,07_31_2023,09_20_2023,,,0,,,,2.525537485
19,64,19,03_28_2022,07_06_2022,1.283792104,FALSE,0,1.841874857,0.725709351,0.422868677,0.135214076,07_06_2022,08_06_2022,0.0425851,FALSE,0,0.228792997,0,0.135214076,0.050993821,08_06_2022,08_09_2022,0.012300909,FALSE,0,0.136902317,0,0.050993821,0.073607587,08_09_2022,08_24_22,0.068012491,TRUE,0.000135285,0.148320828,0,0.073607587,0.006700751,08_24_22,03_24_2023,0.4793135,FALSE,0,0.567464131,0.391162868,0.006700751,0.081449881,03_24_2023,06_17_2023,1.245701504,FALSE,0,1.871604213,0.619798794,0.081449881,0.544452828,06_17_2023,07_31_2023,0.98142077,TRUE,0.039165201,2.080350018,0,0.544452828,0.55447642,07_31_2023,09_20_2023,0.060339755,TRUE,0.955199624,1.211812959,0,0.55447642,0.596996783
30,64,30,03_28_2022,07_06_2022,0.122593298,TRUE,0.030993236,0.410805106,0,0.141835088,0.146376721,07_06_2022,08_06_2022,2.275901353,FALSE,0,2.513549914,2.038252791,0.146376721,0.091271841,08_06_2022,08_09_2022,2.273521958,FALSE,0,2.443475964,2.103567952,0.091271841,0.078682165,08_09_2022,08_24_22,0.025949781,FALSE,0,0.117467538,0,0.078682165,0.012835592,08_24_22,03_24_2023,2.562585673,FALSE,0,2.804022339,2.321149007,0.012835592,0.228601074,03_24_2023,06_17_2023,2.163406082,FALSE,0,2.419596204,1.907215959,0.228601074,0.027589049,06_17_2023,07_31_2023,0.011043381,FALSE,0,0.093277136,0,0.027589049,0.054644707,07_31_2023,09_20_2023,0.011418776,FALSE,0,0.096852819,0,0.054644707,0.030789336
18,64,18,03_28_2022,07_06_2022,,,0,,,,,07_06_2022,08_06_2022,,,0,,,,,08_06_2022,08_09_2022,,,0,,,,,08_09_2022,08_24_22,,,0,,,,,08_24_22,03_24_2023,,,0,,,,,03_24_2023,06_17_2023,,,0,,,,0.008037744,06_17_2023,07_31_2023,0.078275346,FALSE,0,0.119024092,0.0375266,0.008037744,0.032711002,07_31_2023,09_20_2023,0.062091372,TRUE,0.001655689,0.159352148,0,0.032711002,0.064549774
21,64,21,03_28_2022,07_06_2022,,,0,,,,,07_06_2022,08_06_2022,,,0,,,,,08_06_2022,08_09_2022,,,0,,,,,08_09_2022,08_24_22,,,0,,,,,08_24_22,03_24_2023,,,0,,,,,03_24_2023,06_17_2023,,,0,,,,,06_17_2023,07_31_2023,,,0,,,,,07_31_2023,09_20_2023,,,0,,,,
17,64,17,03_28_2022,07_06_2022,0.100502014,FALSE,0,0.108786641,0.092217386,0.004791179,0.003493448,07_06_2022,08_06_2022,0.059423913,FALSE,0,0.071176145,0.047671682,0.003493448,0.008258784,08_06_2022,08_09_2022,0.018893095,FALSE,0,0.05612738,0,0.008258784,0.028975501,08_09_2022,08_24_22,0.031530301,FALSE,0,0.148939322,0,0.028975501,0.088433519,08_24_22,03_24_2023,0.023365053,FALSE,0,0.140569132,0,0.088433519,0.02877056,03_24_2023,06_17_2023,0.036378591,TRUE,0.002591516,0.12953735,0,0.02877056,0.064388199,06_17_2023,07_31_2023,0.02847315,TRUE,0.008175025,0.15043197,0,0.064388199,0.057570621,07_31_2023,09_20_2023,2.579643904,FALSE,0,5.456597832,0,0.057570621,2.819383307
170,64,170,03_28_2022,07_06_2022,,,0,,,,,07_06_2022,08_06_2022,,,0,,,,,08_06_2022,08_09_2022,,,0,,,,,08_09_2022,08_24_22,,,0,,,,,08_24_22,03_24_2023,,,0,,,,,03_24_2023,06_17_2023,,,0,,,,0.089579543,06_17_2023,07_31_2023,0.096798837,FALSE,0,0.398284845,0,0.089579543,0.211906466,07_31_2023,09_20_2023,0.035077745,FALSE,0,0.357088759,0,0.211906466,0.110104548
15,64,15,03_28_2022,07_06_2022,0.392289249,FALSE,0,0.587027597,0.1975509,0.060541507,0.134196841,07_06_2022,08_06_2022,0.259101387,FALSE,0,0.424114751,0.094088023,0.134196841,0.030816523,08_06_2022,08_09_2022,0.135459566,FALSE,0,0.253200372,0.01771876,0.030816523,0.086924283,08_09_2022,08_24_22,0.188197609,TRUE,0.002230928,0.406811801,0,0.086924283,0.131689909,08_24_22,03_24_2023,,,0,,,0.131689909,,03_24_2023,06_17_2023,,,0,,,,0.22864942,06_17_2023,07_31_2023,0.101725071,FALSE,0,0.365966356,0,0.22864942,0.035591865,07_31_2023,09_20_2023,0.142972473,TRUE,0.001766424,0.31987594,0,0.035591865,0.141311602
31,64,31,03_28_2022,07_06_2022,,,0,,,,,07_06_2022,08_06_2022,,,0,,,,,08_06_2022,08_09_2022,,,0,,,,,08_09_2022,08_24_22,,,0,,,,,08_24_22,03_24_2023,,,0,,,,,03_24_2023,06_17_2023,,,0,,,,,06_17_2023,07_31_2023,,,0,,,,,07_31_2023,09_20_2023,,,0,,,,
14,64,14,03_28_2022,07_06_2022,,,0,,,,,07_06_2022,08_06_2022,,,0,,,,,08_06_2022,08_09_2022,,,0,,,,,08_09_2022,08_24_22,,,0,,,,,08_24_22,03_24_2023,,,0,,,,,03_24_2023,06_17_2023,,,0,,,,,06_17_2023,07_31_2023,,,0,,,,,07_31_2023,09_20_2023,,,0,,,,
13,64,13,03_28_2022,07_06_2022,0.243196906,TRUE,0.003503793,0.523595812,0,0.147939334,0.132459572,07_06_2022,08_06_2022,0.067243546,FALSE,0,0.243896038,0,0.132459572,0.04419292,08_06_2022,08_09_2022,0.007179874,FALSE,0,0.158650646,0,0.04419292,0.107277852,08_09_2022,08_24_22,0.06884668,TRUE,0.019682396,0.276066737,0,0.107277852,0.099942206,08_24_22,03_24_2023,0.040215761,FALSE,0,0.412464864,0,0.099942206,0.272306896,03_24_2023,06_17_2023,0.925641767,FALSE,0,1.314985041,0.536298493,0.272306896,0.117036378,06_17_2023,07_31_2023,0.073811142,TRUE,0.040854502,0.364832723,0,0.117036378,0.173985203,07_31_2023,09_20_2023,0.08334082,TRUE,0.050639648,0.398236581,0,0.173985203,0.140910559
36,64,36,03_28_2022,07_06_2022,,,0,,,,,07_06_2022,08_06_2022,,,0,,,,,08_06_2022,08_09_2022,,,0,,,,,08_09_2022,08_24_22,,,0,,,,,08_24_22,03_24_2023,,,0,,,,,03_24_2023,06_17_2023,,,0,,,,0.054741933,06_17_2023,07_31_2023,0.038427582,FALSE,0,0.191994607,0,0.054741933,0.098825093,07_31_2023,09_20_2023,,,0,,,0.098825093,
37,64,37,03_28_2022,07_06_2022,,,0,,,,,07_06_2022,08_06_2022,,,0,,,,,08_06_2022,08_09_2022,,,0,,,,,08_09_2022,08_24_22,,,0,,,,,08_24_22,03_24_2023,,,0,,,,0.486744646,03_24_2023,06_17_2023,19.21428094,FALSE,0,20.26139,18.16717189,0.486744646,0.560364411,06_17_2023,07_31_2023,0.100233911,TRUE,0.73673412,1.150052692,0,0.560364411,0.48945437,07_31_2023,09_20_2023,0.0226995,FALSE,0,1.025368526,0,0.48945437,0.513214656
10,64,10,03_28_2022,07_06_2022,,,0,,,,,07_06_2022,08_06_2022,,,0,,,,,08_06_2022,08_09_2022,,,0,,,,,08_09_2022,08_24_22,,,0,,,,,08_24_22,03_24_2023,,,0,,,,,03_24_2023,06_17_2023,,,0,,,,0.000974999,06_17_2023,07_31_2023,0.042815158,FALSE,0,0.044971862,0.040658454,0.000974999,0.001181705,07_31_2023,09_20_2023,0.019916971,FALSE,0,0.026450206,0.013383736,0.001181705,0.00535153
93,45,93,03_28_2022,07_06_2022,,,0,,,,,07_06_2022,08_06_2022,,,0,,,,,08_06_2022,08_09_2022,,,0,,,,,08_09_2022,08_24_22,,,0,,,,,08_24_22,03_24_2023,,,0,,,,,03_24_2023,06_17_2023,,,0,,,,,06_17_2023,07_31_2023,,,0,,,,,07_31_2023,09_20_2023,,,0,,,,
100,45,100,03_28_2022,07_06_2022,,,0,,,,,07_06_2022,08_06_2022,,,0,,,,,08_06_2022,08_09_2022,,,0,,,,,08_09_2022,08_24_22,,,0,,,,,08_24_22,03_24_2023,,,0,,,,,03_24_2023,06_17_2023,,,0,,,,0.010733737,06_17_2023,07_31_2023,0.052798663,TRUE,0.000121126,0.113860684,0,0.010733737,0.050328283,07_31_2023,09_20_2023,2.643848174,FALSE,0,5.09095485,0.196741498,0.050328283,2.396778392
91,45,91,03_28_2022,07_06_2022,,,0,,,,,07_06_2022,08_06_2022,,,0,,,,,08_06_2022,08_09_2022,,,0,,,,,08_09_2022,08_24_22,,,0,,,,,08_24_22,03_24_2023,,,0,,,,,03_24_2023,06_17_2023,,,0,,,,0.445117926,06_17_2023,07_31_2023,0.0994797,FALSE,0,1.09912839,0,0.445117926,0.554530763,07_31_2023,09_20_2023,0.052758631,FALSE,0,1.080448203,0,0.554530763,0.473158808
102,45,102,03_28_2022,07_06_2022,,,0,,,,,07_06_2022,08_06_2022,,,0,,,,,08_06_2022,08_09_2022,,,0,,,,,08_09_2022,08_24_22,,,0,,,,,08_24_22,03_24_2023,,,0,,,,0.11239312,03_24_2023,06_17_2023,0.04714323,FALSE,0,0.212849729,0,0.11239312,0.053313379,06_17_2023,07_31_2023,0.079622802,TRUE,0.004381957,0.217631896,0,0.053313379,0.084695714,07_31_2023,09_20_2023,,,0,,,0.084695714,
103,45,103,03_28_2022,07_06_2022,,,0,,,,,07_06_2022,08_06_2022,,,0,,,,,08_06_2022,08_09_2022,,,0,,,,,08_09_2022,08_24_22,,,0,,,,,08_24_22,03_24_2023,,,0,,,,,03_24_2023,06_17_2023,,,0,,,,,06_17_2023,07_31_2023,,,0,,,,,07_31_2023,09_20_2023,,,0,,,,
104,45,104,03_28_2022,07_06_2022,0.211021504,TRUE,0.003083484,0.459836237,0,0.078524851,0.170289882,07_06_2022,08_06_2022,0.029900429,FALSE,0,0.20802798,0,0.170289882,0.007837668,08_06_2022,08_09_2022,0.032807332,FALSE,0,0.061695421,0.003919244,0.007837668,0.02105042,08_09_2022,08_24_22,0.010565711,FALSE,0,0.12143026,0,0.02105042,0.089814129,08_24_22,03_24_2023,0.336668584,FALSE,0,0.552273904,0.121063264,0.089814129,0.125791191,03_24_2023,06_17_2023,,,0,,,0.125791191,,06_17_2023,07_31_2023,,,0,,,,,07_31_2023,09_20_2023,,,0,,,,
98,45,98,03_28_2022,07_06_2022,,,0,,,,,07_06_2022,08_06_2022,,,0,,,,,08_06_2022,08_09_2022,,,0,,,,,08_09_2022,08_24_22,,,0,,,,,08_24_22,03_24_2023,,,0,,,,,03_24_2023,06_17_2023,,,0,,,,0.103828078,06_17_2023,07_31_2023,0.05622035,FALSE,0,0.17725352,0,0.103828078,0.017205092,07_31_2023,09_20_2023,3.201198846,FALSE,0,4.705195443,1.697202248,0.017205092,1.486791505
159,45,159,03_28_2022,07_06_2022,,,0,,,,,07_06_2022,08_06_2022,,,0,,,,,08_06_2022,08_09_2022,,,0,,,,,08_09_2022,08_24_22,,,0,,,,,08_24_22,03_24_2023,,,0,,,,,03_24_2023,06_17_2023,,,0,,,,0.070389741,06_17_2023,07_31_2023,0.046245405,FALSE,0,0.134180382,0,0.070389741,0.017545236,07_31_2023,09_20_2023,3.059899332,FALSE,0,3.937348332,2.182450331,0.017545236,0.859903765
107,45,107,03_28_2022,07_06_2022,,,0,,,,,07_06_2022,08_06_2022,,,0,,,,,08_06_2022,08_09_2022,,,0,,,,,08_09_2022,08_24_22,,,0,,,,,08_24_22,03_24_2023,,,0,,,,,03_24_2023,06_17_2023,,,0,,,,0.129014607,06_17_2023,07_31_2023,0.114206256,TRUE,0.009795875,0.31770974,0,0.129014607,0.074488877,07_31_2023,09_20_2023,0.109295104,TRUE,0.005413229,0.279239105,0,0.074488877,0.095455124
108,45,108,03_28_2022,07_06_2022,,,0,,,,,07_06_2022,08_06_2022,,,0,,,,,08_06_2022,08_09_2022,,,0,,,,,08_09_2022,08_24_22,,,0,,,,,08_24_22,03_24_2023,,,0,,,,0.555606093,03_24_2023,06_17_2023,18.67742487,FALSE,0,19.80708978,17.54775996,0.555606093,0.574058818,06_17_2023,07_31_2023,0.664835286,TRUE,0.340552433,1.834144274,0,0.574058818,0.59525017,07_31_2023,09_20_2023,0.66659248,TRUE,0.309766207,1.809940833,0,0.59525017,0.548098182
160,45,160,03_28_2022,07_06_2022,,,0,,,,,07_06_2022,08_06_2022,,,0,,,,,08_06_2022,08_09_2022,,,0,,,,,08_09_2022,08_24_22,,,0,,,,,08_24_22,03_24_2023,,,0,,,,,03_24_2023,06_17_2023,,,0,,,,0.132130673,06_17_2023,07_31_2023,0.0956389,TRUE,0.03718746,0.382138415,0,0.132130673,0.154368841,07_31_2023,09_20_2023,0.044760297,FALSE,0,0.274901139,0,0.154368841,0.075772001
161,45,161,03_28_2022,07_06_2022,,,0,,,,,07_06_2022,08_06_2022,,,0,,,,,08_06_2022,08_09_2022,,,0,,,,,08_09_2022,08_24_22,,,0,,,,,08_24_22,03_24_2023,,,0,,,,,03_24_2023,06_17_2023,,,0,,,,0.008551467,06_17_2023,07_31_2023,0.034193095,TRUE,0.000217488,0.083865539,0,0.008551467,0.041120977,07_31_2023,09_20_2023,2.701057574,FALSE,0,4.189350889,1.21276426,0.041120977,1.447172337
162,45,162,03_28_2022,07_06_2022,,,0,,,,,07_06_2022,08_06_2022,,,0,,,,,08_06_2022,08_09_2022,,,0,,,,,08_09_2022,08_24_22,,,0,,,,,08_24_22,03_24_2023,,,0,,,,,03_24_2023,06_17_2023,,,0,,,,0.072997361,06_17_2023,07_31_2023,0.108054299,TRUE,0.000553885,0.230610155,0,0.072997361,0.049558495,07_31_2023,09_20_2023,0.148428856,TRUE,0.006523511,0.376611994,0,0.049558495,0.178624643
163,45,163,03_28_2022,07_06_2022,,,0,,,,,07_06_2022,08_06_2022,,,0,,,,,08_06_2022,08_09_2022,,,0,,,,,08_09_2022,08_24_22,,,0,,,,,08_24_22,03_24_2023,,,0,,,,,03_24_2023,06_17_2023,,,0,,,,0.075792296,06_17_2023,07_31_2023,0.078333784,TRUE,0.002790089,0.201184924,0,0.075792296,0.047058844,07_31_2023,09_20_2023,2.716175141,FALSE,0,4.993854099,0.438496182,0.047058844,2.230620115
164,45,164,03_28_2022,07_06_2022,,,0,,,,,07_06_2022,08_06_2022,,,0,,,,,08_06_2022,08_09_2022,,,0,,,,,08_09_2022,08_24_22,,,0,,,,,08_24_22,03_24_2023,,,0,,,,,03_24_2023,06_17_2023,,,0,,,,0.196181598,06_17_2023,07_31_2023,0.041068777,TRUE,0.104228663,0.432398108,0,0.196181598,0.195147733,07_31_2023,09_20_2023,0.018695275,TRUE,0.11963524,0.427541484,0,0.195147733,0.213698476
132,45,132,03_28_2022,07_06_2022,,,0,,,,,07_06_2022,08_06_2022,,,0,,,,,08_06_2022,08_09_2022,,,0,,,,,08_09_2022,08_24_22,,,0,,,,,08_24_22,03_24_2023,,,0,,,,,03_24_2023,06_17_2023,,,0,,,,0.013166066,06_17_2023,07_31_2023,0.004909487,FALSE,0,0.097661913,0,0.013166066,0.079586359,07_31_2023,09_20_2023,0.104407504,TRUE,0.007072258,0.280637699,0,0.079586359,0.096643836
128,45,128,03_28_2022,07_06_2022,0.525932179,FALSE,0,0.646435961,0.405428398,0.052927343,0.067576438,07_06_2022,08_06_2022,0.089078748,TRUE,0.008576831,0.263721299,0,0.067576438,0.107066113,08_06_2022,08_09_2022,0.010247379,TRUE,0.033321862,0.222913103,0,0.107066113,0.105599611,08_09_2022,08_24_22,0.031543507,TRUE,0.025790887,0.234452554,0,0.105599611,0.097309435,08_24_22,03_24_2023,0.098119375,TRUE,0.008347119,0.276505674,0,0.097309435,0.081076864,03_24_2023,06_17_2023,0.291922861,TRUE,0.008894139,0.659846327,0,0.081076864,0.286846602,06_17_2023,07_31_2023,,,0,,,0.286846602,,07_31_2023,09_20_2023,,,0,,,,0.231563989
125,45,125,03_28_2022,07_06_2022,,,0,,,,,07_06_2022,08_06_2022,,,0,,,,,08_06_2022,08_09_2022,,,0,,,,,08_09_2022,08_24_22,,,0,,,,,08_24_22,03_24_2023,,,0,,,,0.1005901,03_24_2023,06_17_2023,1.125811767,FALSE,0,1.229444237,1.022179298,0.1005901,0.003042369,06_17_2023,07_31_2023,0.026234546,FALSE,0,0.040946301,0.01152279,0.003042369,0.011669386,07_31_2023,09_20_2023,0.034154857,TRUE,0.000427119,0.091444317,0,0.011669386,0.045620074
121,45,121,03_28_2022,07_06_2022,,,0,,,,,07_06_2022,08_06_2022,,,0,,,,,08_06_2022,08_09_2022,,,0,,,,,08_09_2022,08_24_22,,,0,,,,,08_24_22,03_24_2023,,,0,,,,0.049864162,03_24_2023,06_17_2023,0.318333565,FALSE,0,0.853347925,0,0.049864162,0.485150198,06_17_2023,07_31_2023,0.030728808,FALSE,0,0.919152657,0,0.485150198,0.40327365,07_31_2023,09_20_2023,0.04718519,FALSE,0,0.926245252,0,0.40327365,0.475786411
120,45,120,03_28_2022,07_06_2022,0.105144534,TRUE,0.005956711,0.274645305,0,0.081802467,0.087698304,07_06_2022,08_06_2022,0.141504621,FALSE,0,0.260201086,0.022808156,0.087698304,0.030998161,08_06_2022,08_09_2022,0.040212922,TRUE,0.003018712,0.142421619,0,0.030998161,0.071210536,08_09_2022,08_24_22,0.387702797,FALSE,0,0.526522496,0.248883097,0.071210536,0.067609164,08_24_22,03_24_2023,,,0,,,0.067609164,,03_24_2023,06_17_2023,,,0,,,,,06_17_2023,07_31_2023,,,0,,,,0.279786571,07_31_2023,09_20_2023,,,0,,,0.279786571,
117,45,117,03_28_2022,07_06_2022,1.00825704,FALSE,0,1.236407219,0.78010686,0.0581048,0.170045379,07_06_2022,08_06_2022,2.834859923,FALSE,0,3.064002314,2.605717532,0.170045379,0.059097011,08_06_2022,08_09_2022,,,0,,,0.059097011,,08_09_2022,08_24_22,,,0,,,,,08_24_22,03_24_2023,,,0,,,,0.06359114,03_24_2023,06_17_2023,,,0,,,0.06359114,,06_17_2023,07_31_2023,,,0,,,,,07_31_2023,09_20_2023,,,0,,,,
116,45,116,03_28_2022,07_06_2022,,,0,,,,,07_06_2022,08_06_2022,,,0,,,,,08_06_2022,08_09_2022,,,0,,,,,08_09_2022,08_24_22,,,0,,,,,08_24_22,03_24_2023,,,0,,,,0.013706903,03_24_2023,06_17_2023,0.140180073,FALSE,0,0.23490253,0.045457617,0.013706903,0.081015553,06_17_2023,07_31_2023,0.097590865,TRUE,4.02E-05,0.198275944,0,0.081015553,0.019669525,07_31_2023,09_20_2023,,,0,,,0.019669525,
89,45,89,03_28_2022,07_06_2022,,,0,,,,,07_06_2022,08_06_2022,,,0,,,,,08_06_2022,08_09_2022,,,0,,,,,08_09_2022,08_24_22,,,0,,,,,08_24_22,03_24_2023,,,0,,,,0.21830441,03_24_2023,06_17_2023,0.212778538,TRUE,0.049199304,0.624020808,0,0.21830441,0.19293786,06_17_2023,07_31_2023,0.143631779,TRUE,0.03326747,0.46163139,0,0.19293786,0.125061751,07_31_2023,09_20_2023,2.790110869,FALSE,0,4.530451685,1.049770052,0.125061751,1.615279065
110,45,110,03_28_2022,07_06_2022,,,0,,,,,07_06_2022,08_06_2022,,,0,,,,,08_06_2022,08_09_2022,,,0,,,,,08_09_2022,08_24_22,,,0,,,,,08_24_22,03_24_2023,,,0,,,,,03_24_2023,06_17_2023,,,0,,,,0.054241176,06_17_2023,07_31_2023,0.765411453,FALSE,0,1.111103098,0.419719807,0.054241176,0.29145047,07_31_2023,09_20_2023,0.033226336,TRUE,0.23401695,0.602375982,0,0.29145047,0.277699176
109,45,109,03_28_2022,07_06_2022,0.150181014,TRUE,0.002620088,0.341813528,0,0.043771928,0.147860586,07_06_2022,08_06_2022,0.095819474,FALSE,0,0.26861891,0,0.147860586,0.024938849,08_06_2022,08_09_2022,0.027874964,TRUE,5.34E-05,0.061039829,0,0.024938849,0.008226016,08_09_2022,08_24_22,0.036991573,TRUE,0.000157964,0.085678109,0,0.008226016,0.04046052,08_24_22,03_24_2023,,,0,,,0.04046052,,03_24_2023,06_17_2023,,,0,,,,,06_17_2023,07_31_2023,,,0,,,,,07_31_2023,09_20_2023,,,0,,,,
158,45,158,03_28_2022,07_06_2022,,,0,,,,,07_06_2022,08_06_2022,,,0,,,,,08_06_2022,08_09_2022,,,0,,,,,08_09_2022,08_24_22,,,0,,,,,08_24_22,03_24_2023,,,0,,,,,03_24_2023,06_17_2023,,,0,,,,0.149799797,06_17_2023,07_31_2023,0.09946027,TRUE,0.049225261,0.420800306,0,0.149799797,0.171540238,07_31_2023,09_20_2023,0.056924065,FALSE,0,0.329682382,0,0.171540238,0.101218079
119,45,119,03_28_2022,07_06_2022,0.009614811,FALSE,0,0.091974263,0,0.06756505,0.014794402,07_06_2022,08_06_2022,0.059076628,FALSE,0,0.151352568,0,0.014794402,0.077481537,08_06_2022,08_09_2022,0.029613449,TRUE,0.008159991,0.158516295,0,0.077481537,0.051421309,08_09_2022,08_24_22,0.107804054,FALSE,0,0.2059334,0.009674707,0.051421309,0.046708037,08_24_22,03_24_2023,0.176073266,FALSE,0,0.253519884,0.098626648,0.046708037,0.030738581,03_24_2023,06_17_2023,0.064000586,TRUE,3.53E-06,0.128602589,0,0.030738581,0.033863422,06_17_2023,07_31_2023,0.01111987,TRUE,0.003395258,0.085407824,0,0.033863422,0.040424532,07_31_2023,09_20_2023,3.065656386,FALSE,0,5.169283629,0.962029142,0.040424532,2.063202712
34,45,34,03_28_2022,07_06_2022,0.045888236,FALSE,0,0.193149501,0,0.119218424,0.028042841,07_06_2022,08_06_2022,0.107183703,FALSE,0,0.202289623,0.012077783,0.028042841,0.067063079,08_06_2022,08_09_2022,0.05468359,TRUE,0.001209574,0.143403548,0,0.067063079,0.021656879,08_09_2022,08_24_22,0.025791322,FALSE,0,0.136285438,0,0.021656879,0.088837238,08_24_22,03_24_2023,0.073362511,TRUE,0.0009604,0.179951728,0,0.088837238,0.017751979,03_24_2023,06_17_2023,,,0,,,0.017751979,,06_17_2023,07_31_2023,,,0,,,,,07_31_2023,09_20_2023,,,0,,,,
46,45,46,03_28_2022,07_06_2022,,,0,,,,,07_06_2022,08_06_2022,,,0,,,,,08_06_2022,08_09_2022,,,0,,,,,08_09_2022,08_24_22,,,0,,,,,08_24_22,03_24_2023,,,0,,,,0.020983504,03_24_2023,06_17_2023,0.339531819,FALSE,0,0.846116511,0,0.020983504,0.485601187,06_17_2023,07_31_2023,0.047166452,FALSE,0,0.925007242,0,0.485601187,0.392239603,07_31_2023,09_20_2023,,,0,,,0.392239603,
55,45,55,03_28_2022,07_06_2022,1.034087565,FALSE,0,1.768686707,0.299488422,0.336482246,0.398116897,07_06_2022,08_06_2022,,,0,,,0.398116897,,08_06_2022,08_09_2022,,,0,,,,0.090378269,08_09_2022,08_24_22,0.055436036,FALSE,0,0.164022731,0,0.090378269,0.018208426,08_24_22,03_24_2023,0.030980081,FALSE,0,0.307278718,0,0.018208426,0.258090211,03_24_2023,06_17_2023,0.965317453,FALSE,0,1.287571481,0.643063424,0.258090211,0.064163817,06_17_2023,07_31_2023,0.280193982,TRUE,1.50E-05,0.561472528,0,0.064163817,0.217114728,07_31_2023,09_20_2023,,,0,,,0.217114728,
57,45,57,03_28_2022,07_06_2022,0.260411417,FALSE,0,0.630183471,0,0.038426608,0.331345446,07_06_2022,08_06_2022,0.204410735,FALSE,0,0.617185893,0,0.331345446,0.081429712,08_06_2022,08_09_2022,0.067551586,FALSE,0,0.151447828,0,0.081429712,0.00246653,08_09_2022,08_24_22,0.104428732,FALSE,0,0.138537746,0.070319718,0.00246653,0.031642484,08_24_22,03_24_2023,0.034773947,TRUE,1.24E-06,0.070063562,0,0.031642484,0.003647131,03_24_2023,06_17_2023,0.558132841,FALSE,0,0.698325539,0.417940142,0.003647131,0.136545567,06_17_2023,07_31_2023,0.043902914,FALSE,0,0.19767235,0,0.136545567,0.017223869,07_31_2023,09_20_2023,,,0,,,0.017223869,
59,45,59,03_28_2022,07_06_2022,0.315233735,TRUE,0.043634603,0.802300941,0,0.210854186,0.276213021,07_06_2022,08_06_2022,,,0,,,0.276213021,,08_06_2022,08_09_2022,,,0,,,,0.068642372,08_09_2022,08_24_22,,,0,,,0.068642372,,08_24_22,03_24_2023,,,0,,,,,03_24_2023,06_17_2023,,,0,,,,,06_17_2023,07_31_2023,,,0,,,,,07_31_2023,09_20_2023,,,0,,,,
60,45,60,03_28_2022,07_06_2022,,,0,,,,0.087698304,07_06_2022,08_06_2022,0.141504621,FALSE,0,0.260201086,0.022808156,0.087698304,0.030998161,08_06_2022,08_09_2022,0.040212922,TRUE,0.003018712,0.142421619,0,0.030998161,0.071210536,08_09_2022,08_24_22,0.051411727,TRUE,0.011585027,0.210374882,0,0.071210536,0.08775262,08_24_22,03_24_2023,,,0,,,0.08775262,,03_24_2023,06_17_2023,,,0,,,,0.591934268,06_17_2023,07_31_2023,1.217612438,FALSE,0,2.377399868,0.057825008,0.591934268,0.567853162,07_31_2023,09_20_2023,,,0,,,0.567853162,
53,45,53,03_28_2022,07_06_2022,,,0,,,,,07_06_2022,08_06_2022,,,0,,,,,08_06_2022,08_09_2022,,,0,,,,,08_09_2022,08_24_22,,,0,,,,,08_24_22,03_24_2023,,,0,,,,,03_24_2023,06_17_2023,,,0,,,,,06_17_2023,07_31_2023,,,0,,,,,07_31_2023,09_20_2023,,,0,,,,
68,45,68,03_28_2022,07_06_2022,,,0,,,,,07_06_2022,08_06_2022,,,0,,,,,08_06_2022,08_09_2022,,,0,,,,,08_09_2022,08_24_22,,,0,,,,,08_24_22,03_24_2023,,,0,,,,0.066622737,03_24_2023,06_17_2023,86.33633636,FALSE,0,86.68034249,85.99233023,0.066622737,0.27738339,06_17_2023,07_31_2023,,,0,,,0.27738339,,07_31_2023,09_20_2023,,,0,,,,0.214840995
50,45,50,03_28_2022,07_06_2022,,,0,,,,,07_06_2022,08_06_2022,,,0,,,,,08_06_2022,08_09_2022,,,0,,,,,08_09_2022,08_24_22,,,0,,,,,08_24_22,03_24_2023,,,0,,,,,03_24_2023,06_17_2023,,,0,,,,,06_17_2023,07_31_2023,,,0,,,,,07_31_2023,09_20_2023,,,0,,,,
49,45,49,03_28_2022,07_06_2022,0.044510227,FALSE,0,0.296046348,0,0.16599729,0.085538831,07_06_2022,08_06_2022,0.116052791,TRUE,0.002960398,0.27310561,0,0.085538831,0.071513988,08_06_2022,08_09_2022,0.030090424,TRUE,0.015200971,0.19339941,0,0.071513988,0.091794999,08_09_2022,08_24_22,0.120484383,TRUE,0.001115022,0.263471132,0,0.091794999,0.05119175,08_24_22,03_24_2023,0.215205909,FALSE,0,0.366239886,0.064171931,0.05119175,0.099842227,03_24_2023,06_17_2023,,,0,,,0.099842227,,06_17_2023,07_31_2023,,,0,,,,,07_31_2023,09_20_2023,,,0,,,,0.494311569
48,45,48,03_28_2022,07_06_2022,,,0,,,,,07_06_2022,08_06_2022,,,0,,,,,08_06_2022,08_09_2022,,,0,,,,,08_09_2022,08_24_22,,,0,,,,,08_24_22,03_24_2023,,,0,,,,,03_24_2023,06_17_2023,,,0,,,,0.209373799,06_17_2023,07_31_2023,,,0,,,0.209373799,,07_31_2023,09_20_2023,,,0,,,,
47,45,47,03_28_2022,07_06_2022,,,0,,,,0.004212784,07_06_2022,08_06_2022,,,0,,,0.004212784,,08_06_2022,08_09_2022,,,0,,,,,08_09_2022,08_24_22,,,0,,,,0.088075355,08_24_22,03_24_2023,0.008283417,FALSE,0,0.24127826,0,0.088075355,0.144919489,03_24_2023,06_17_2023,0.130888813,TRUE,0.007382988,0.338672726,0,0.144919489,0.062864424,06_17_2023,07_31_2023,,,0,,,0.062864424,,07_31_2023,09_20_2023,,,0,,,,0.105956142
66,45,66,03_28_2022,07_06_2022,1.788829737,FALSE,0,1.93796984,1.639689634,0.025804899,0.123335204,07_06_2022,08_06_2022,,,0,,,0.123335204,,08_06_2022,08_09_2022,,,0,,,,,08_09_2022,08_24_22,,,0,,,,0.171991305,08_24_22,03_24_2023,,,0,,,0.171991305,,03_24_2023,06_17_2023,,,0,,,,,06_17_2023,07_31_2023,,,0,,,,,07_31_2023,09_20_2023,,,0,,,,0.789069038
45,45,45,03_28_2022,07_06_2022,0.633787536,FALSE,0,0.647117562,0.62045751,0.008813611,0.004516415,07_06_2022,08_06_2022,0.065284832,FALSE,0,0.109703606,0.020866058,0.004516415,0.039902359,08_06_2022,08_09_2022,0.092639404,FALSE,0,0.312007347,0,0.039902359,0.179465584,08_09_2022,08_24_22,0.034771771,FALSE,0,0.248417725,0,0.179465584,0.03418037,08_24_22,03_24_2023,0.055397423,TRUE,0.002265791,0.154417295,0,0.03418037,0.064839502,03_24_2023,06_17_2023,,,0,,,0.064839502,,06_17_2023,07_31_2023,,,0,,,,,07_31_2023,09_20_2023,,,0,,,,0.437850911
33,45,33,03_28_2022,07_06_2022,,,0,,,,0.060224024,07_06_2022,08_06_2022,0.07204525,FALSE,0,0.132389685,0.011700815,0.060224024,0.000120411,08_06_2022,08_09_2022,0.023572424,FALSE,0,0.037024099,0.010120749,0.000120411,0.013331264,08_09_2022,08_24_22,0,TRUE,0.000558332,0.026662527,0,0.013331264,0.013331264,08_24_22,03_24_2023,0.510075249,FALSE,0,0.813497899,0.206652599,0.013331264,0.290091386,03_24_2023,06_17_2023,,,0,,,0.290091386,,06_17_2023,07_31_2023,,,0,,,,,07_31_2023,09_20_2023,,,0,,,,
20,45,20,03_28_2022,07_06_2022,1.13720079,FALSE,0,1.432417983,0.841983598,0.261577772,0.03363942,07_06_2022,08_06_2022,0.086557913,FALSE,0,0.170671147,0.002444679,0.03363942,0.050473814,08_06_2022,08_09_2022,0.003875325,FALSE,0,0.111766633,0,0.050473814,0.057417495,08_09_2022,08_24_22,0.031025659,TRUE,0.002914268,0.119688718,0,0.057417495,0.031245565,08_24_22,03_24_2023,0.061030891,FALSE,0,0.104526539,0.017535243,0.031245565,0.012250083,03_24_2023,06_17_2023,0.196662494,FALSE,0,0.243163427,0.150161561,0.012250083,0.03425085,06_17_2023,07_31_2023,0.233786226,FALSE,0,0.353481552,0.114090899,0.03425085,0.085444476,07_31_2023,09_20_2023,,,0,,,0.085444476,
26,45,26,03_28_2022,07_06_2022,0.273941744,TRUE,0.164587678,0.955131454,0,0.252878124,0.428311587,07_06_2022,08_06_2022,0.201882313,FALSE,0,0.640300815,0,0.428311587,0.010106916,08_06_2022,08_09_2022,0.060963073,FALSE,0,0.181263563,0,0.010106916,0.110193574,08_09_2022,08_24_22,0.063370087,FALSE,0,0.196702231,0,0.110193574,0.023138571,08_24_22,03_24_2023,0.022000157,TRUE,0.000262435,0.058143712,0,0.023138571,0.013004984,03_24_2023,06_17_2023,,,0,,,0.013004984,,06_17_2023,07_31_2023,,,0,,,,,07_31_2023,09_20_2023,,,0,,,,
27,45,27,03_28_2022,07_06_2022,,,0,,,,,07_06_2022,08_06_2022,,,0,,,,,08_06_2022,08_09_2022,,,0,,,,,08_09_2022,08_24_22,,,0,,,,,08_24_22,03_24_2023,,,0,,,,,03_24_2023,06_17_2023,,,0,,,,,06_17_2023,07_31_2023,,,0,,,,,07_31_2023,09_20_2023,,,0,,,,
32,45,32,03_28_2022,07_06_2022,0.191141838,FALSE,0,0.694643858,0,0.145989865,0.357512155,07_06_2022,08_06_2022,0.53623761,FALSE,0,0.932213189,0.140262031,0.357512155,0.038463424,08_06_2022,08_09_2022,0.092573645,FALSE,0,0.142975835,0.042171454,0.038463424,0.011938766,08_09_2022,08_24_22,0.058922037,FALSE,0,0.189704456,0,0.011938766,0.118843653,08_24_22,03_24_2023,0.489103591,FALSE,0,0.674337378,0.303869805,0.118843653,0.066390134,03_24_2023,06_17_2023,,,0,,,0.066390134,,06_17_2023,07_31_2023,,,0,,,,,07_31_2023,09_20_2023,,,0,,,,
54,45,54,03_28_2022,07_06_2022,,,0,,,,,07_06_2022,08_06_2022,,,0,,,,0.024637706,08_06_2022,08_09_2022,1.940171854,FALSE,0,2.066782427,1.813561282,0.024637706,0.101972866,08_09_2022,08_24_22,1.928445585,FALSE,0,2.462373459,1.394517711,0.101972866,0.431955008,08_24_22,03_24_2023,1.21602764,FALSE,0,1.733651696,0.698403583,0.431955008,0.085669049,03_24_2023,06_17_2023,,,0,,,0.085669049,,06_17_2023,07_31_2023,,,0,,,,,07_31_2023,09_20_2023,,,0,,,,
38,45,38,03_28_2022,07_06_2022,,,0,,,,,07_06_2022,08_06_2022,,,0,,,,,08_06_2022,08_09_2022,,,0,,,,,08_09_2022,08_24_22,,,0,,,,,08_24_22,03_24_2023,,,0,,,,0.16851921,03_24_2023,06_17_2023,,,0,,,0.16851921,,06_17_2023,07_31_2023,,,0,,,,,07_31_2023,09_20_2023,,,0,,,,
39,45,39,03_28_2022,07_06_2022,0.034603948,FALSE,0,0.134272038,0,0.068808256,0.030859834,07_06_2022,08_06_2022,0.082785986,FALSE,0,0.165039337,0.000532634,0.030859834,0.051393517,08_06_2022,08_09_2022,0.043347223,FALSE,0,0.193694744,0,0.051393517,0.098954003,08_09_2022,08_24_22,0.077306743,TRUE,0.009331616,0.245605295,0,0.098954003,0.06934455,08_24_22,03_24_2023,0.069594515,TRUE,0.000775846,0.162169998,0,0.06934455,0.023230933,03_24_2023,06_17_2023,,,0,,,0.023230933,,06_17_2023,07_31_2023,,,0,,,,,07_31_2023,09_20_2023,,,0,,,,
35,45,35,03_28_2022,07_06_2022,,,0,,,,,07_06_2022,08_06_2022,,,0,,,,,08_06_2022,08_09_2022,,,0,,,,,08_09_2022,08_24_22,,,0,,,,,08_24_22,03_24_2023,,,0,,,,0.020984081,03_24_2023,06_17_2023,,,0,,,0.020984081,,06_17_2023,07_31_2023,,,0,,,,0.307116893,07_31_2023,09_20_2023,0.068035977,TRUE,0.283284426,0.719441107,0,0.307116893,0.344288238
143,32,143,03_28_2022,07_06_2022,,,0,,,,,07_06_2022,08_06_2022,,,0,,,,,08_06_2022,08_09_2022,,,0,,,,,08_09_2022,08_24_22,,,0,,,,,08_24_22,03_24_2023,,,0,,,,,03_24_2023,06_17_2023,,,0,,,,0.013081207,06_17_2023,07_31_2023,,,0,,,0.013081207,,07_31_2023,09_20_2023,,,0,,,,0.061670965
135,32,135,03_28_2022,07_06_2022,,,0,,,,,07_06_2022,08_06_2022,,,0,,,,,08_06_2022,08_09_2022,,,0,,,,,08_09_2022,08_24_22,,,0,,,,,08_24_22,03_24_2023,,,0,,,,0.038813322,03_24_2023,06_17_2023,0.098239093,TRUE,6.43E-06,0.197268543,0,0.038813322,0.060216128,06_17_2023,07_31_2023,0.118996372,TRUE,0.001239281,0.26159325,0,0.060216128,0.08238075,07_31_2023,09_20_2023,2.928158061,FALSE,0,4.843755332,1.012560791,0.08238075,1.833216521
136,32,136,03_28_2022,07_06_2022,0.103208562,TRUE,0.009842704,0.298978346,0,0.069257225,0.126512559,07_06_2022,08_06_2022,0.063333115,FALSE,0,0.229686062,0,0.126512559,0.039840388,08_06_2022,08_09_2022,0.022665086,FALSE,0,0.076025072,0,0.039840388,0.013519598,08_09_2022,08_24_22,0.031907908,FALSE,0,0.142399509,0,0.013519598,0.096972003,08_24_22,03_24_2023,,,0,,,0.096972003,,03_24_2023,06_17_2023,,,0,,,,0.234048687,06_17_2023,07_31_2023,,,0,,,0.234048687,,07_31_2023,09_20_2023,,,0,,,,
137,32,137,03_28_2022,07_06_2022,,,0,,,,,07_06_2022,08_06_2022,,,0,,,,,08_06_2022,08_09_2022,,,0,,,,,08_09_2022,08_24_22,,,0,,,,,08_24_22,03_24_2023,,,0,,,,,03_24_2023,06_17_2023,,,0,,,,0.038227369,06_17_2023,07_31_2023,0.029924004,TRUE,0.001930623,0.101464951,0,0.038227369,0.033313578,07_31_2023,09_20_2023,2.717947734,FALSE,0,4.628506548,0.80738892,0.033313578,1.877245236
138,32,138,03_28_2022,07_06_2022,,,0,,,,,07_06_2022,08_06_2022,,,0,,,,,08_06_2022,08_09_2022,,,0,,,,,08_09_2022,08_24_22,,,0,,,,,08_24_22,03_24_2023,,,0,,,,,03_24_2023,06_17_2023,,,0,,,,0.046195578,06_17_2023,07_31_2023,,,0,,,0.046195578,,07_31_2023,09_20_2023,,,0,,,,
139,32,139,03_28_2022,07_06_2022,,,0,,,,,07_06_2022,08_06_2022,,,0,,,,,08_06_2022,08_09_2022,,,0,,,,,08_09_2022,08_24_22,,,0,,,,,08_24_22,03_24_2023,,,0,,,,,03_24_2023,06_17_2023,,,0,,,,0.010855124,06_17_2023,07_31_2023,0.096989771,FALSE,0,0.108451751,0.085527792,0.010855124,0.000606856,07_31_2023,09_20_2023,0.162376334,FALSE,0,0.168246517,0.156506151,0.000606856,0.005263327
140,32,140,03_28_2022,07_06_2022,,,0,,,,,07_06_2022,08_06_2022,,,0,,,,,08_06_2022,08_09_2022,,,0,,,,,08_09_2022,08_24_22,,,0,,,,,08_24_22,03_24_2023,,,0,,,,,03_24_2023,06_17_2023,,,0,,,,0.034877742,06_17_2023,07_31_2023,,,0,,,0.034877742,,07_31_2023,09_20_2023,,,0,,,,0.08553776
141,32,141,03_28_2022,07_06_2022,,,0,,,,,07_06_2022,08_06_2022,,,0,,,,,08_06_2022,08_09_2022,,,0,,,,,08_09_2022,08_24_22,,,0,,,,,08_24_22,03_24_2023,,,0,,,,,03_24_2023,06_17_2023,,,0,,,,0.008946667,06_17_2023,07_31_2023,0.057096379,FALSE,0,0.105727637,0.008465121,0.008946667,0.039684591,07_31_2023,09_20_2023,2.925461268,FALSE,0,4.316617889,1.534304647,0.039684591,1.35147203
142,32,142,03_28_2022,07_06_2022,,,0,,,,,07_06_2022,08_06_2022,,,0,,,,,08_06_2022,08_09_2022,,,0,,,,,08_09_2022,08_24_22,,,0,,,,,08_24_22,03_24_2023,,,0,,,,,03_24_2023,06_17_2023,,,0,,,,0.174363288,06_17_2023,07_31_2023,0.02558745,FALSE,0,0.450079318,0,0.174363288,0.25012858,07_31_2023,09_20_2023,,,0,,,0.25012858,
52,32,52,03_28_2022,07_06_2022,,,0,,,,,07_06_2022,08_06_2022,,,0,,,,,08_06_2022,08_09_2022,,,0,,,,,08_09_2022,08_24_22,,,0,,,,,08_24_22,03_24_2023,,,0,,,,,03_24_2023,06_17_2023,,,0,,,,0.267287632,06_17_2023,07_31_2023,0.644394227,TRUE,0.026805161,1.396472282,0,0.267287632,0.484790423,07_31_2023,09_20_2023,0.037743186,TRUE,0.725316442,1.025944951,0,0.484790423,0.503411342
134,32,134,03_28_2022,07_06_2022,0.176805016,FALSE,0,0.516578397,0,0.04848048,0.291292902,07_06_2022,08_06_2022,0.180282735,TRUE,0.063550322,0.621486875,0,0.291292902,0.149911238,08_06_2022,08_09_2022,0.048706292,FALSE,0,0.225795292,0,0.149911238,0.027177762,08_09_2022,08_24_22,0.06545281,FALSE,0,0.121395268,0.009510352,0.027177762,0.028764696,08_24_22,03_24_2023,0.022821067,TRUE,0.002192117,0.09360513,0,0.028764696,0.042019367,03_24_2023,06_17_2023,,,0,,,0.042019367,,06_17_2023,07_31_2023,,,0,,,,0.178356167,07_31_2023,09_20_2023,0.078979454,TRUE,0.034604335,0.362978169,0,0.178356167,0.105642548
144,32,144,03_28_2022,07_06_2022,,,0,,,,,07_06_2022,08_06_2022,,,0,,,,,08_06_2022,08_09_2022,,,0,,,,,08_09_2022,08_24_22,,,0,,,,,08_24_22,03_24_2023,,,0,,,,,03_24_2023,06_17_2023,,,0,,,,0.121332207,06_17_2023,07_31_2023,0.149704175,TRUE,0.000961285,0.319474698,0,0.121332207,0.048438316,07_31_2023,09_20_2023,,,0,,,0.048438316,
40,32,40,03_28_2022,07_06_2022,,,0,,,,,07_06_2022,08_06_2022,,,0,,,,,08_06_2022,08_09_2022,,,0,,,,,08_09_2022,08_24_22,,,0,,,,,08_24_22,03_24_2023,,,0,,,,0.034934213,03_24_2023,06_17_2023,0.860696997,FALSE,0,1.382443598,0.338950397,0.034934213,0.486812388,06_17_2023,07_31_2023,,,0,,,0.486812388,,07_31_2023,09_20_2023,,,0,,,,0.656958614
51,32,51,03_28_2022,07_06_2022,,,0,,,0.05719831,,07_06_2022,08_06_2022,,,0,,,,,08_06_2022,08_09_2022,,,0,,,,,08_09_2022,08_24_22,,,0,,,,,08_24_22,03_24_2023,,,0,,,,0.136451383,03_24_2023,06_17_2023,,,0,,,0.136451383,,06_17_2023,07_31_2023,,,0,,,,,07_31_2023,09_20_2023,,,0,,,,
146,32,146,03_28_2022,07_06_2022,,,0,,,,,07_06_2022,08_06_2022,,,0,,,,,08_06_2022,08_09_2022,,,0,,,,,08_09_2022,08_24_22,,,0,,,,,08_24_22,03_24_2023,,,0,,,,,03_24_2023,06_17_2023,,,0,,,,0.13585307,06_17_2023,07_31_2023,0.032649006,FALSE,0,0.347364606,0,0.13585307,0.17886253,07_31_2023,09_20_2023,0.011078322,FALSE,0,0.434538334,0,0.17886253,0.244597482
147,32,147,03_28_2022,07_06_2022,,,0,,,,,07_06_2022,08_06_2022,,,0,,,,,08_06_2022,08_09_2022,,,0,,,,,08_09_2022,08_24_22,,,0,,,,,08_24_22,03_24_2023,,,0,,,,,03_24_2023,06_17_2023,,,0,,,,0.018292032,06_17_2023,07_31_2023,,,0,,,0.018292032,,07_31_2023,09_20_2023,,,0,,,,0.154887555
148,32,148,03_28_2022,07_06_2022,,,0,,,,,07_06_2022,08_06_2022,,,0,,,,,08_06_2022,08_09_2022,,,0,,,,,08_09_2022,08_24_22,,,0,,,,,08_24_22,03_24_2023,,,0,,,,,03_24_2023,06_17_2023,,,0,,,,0.004865178,06_17_2023,07_31_2023,0.057583968,FALSE,0,0.113253744,0.001914192,0.004865178,0.050804598,07_31_2023,09_20_2023,2.774643234,FALSE,0,5.432136588,0.117149879,0.050804598,2.606688756
149,32,149,03_28_2022,07_06_2022,,,0,,,,,07_06_2022,08_06_2022,,,0,,,,,08_06_2022,08_09_2022,,,0,,,,,08_09_2022,08_24_22,,,0,,,,,08_24_22,03_24_2023,,,0,,,,,03_24_2023,06_17_2023,,,0,,,,0.024310278,06_17_2023,07_31_2023,0.028955926,TRUE,0.000482804,0.076357514,0,0.024310278,0.02309131,07_31_2023,09_20_2023,0.030721735,FALSE,0,0.109872538,0,0.02309131,0.056059492
86,32,86,03_28_2022,07_06_2022,,,0,,,,,07_06_2022,08_06_2022,,,0,,,,,08_06_2022,08_09_2022,,,0,,,,,08_09_2022,08_24_22,,,0,,,,,08_24_22,03_24_2023,,,0,,,,0.078393392,03_24_2023,06_17_2023,,,0,,,0.078393392,,06_17_2023,07_31_2023,,,0,,,,,07_31_2023,09_20_2023,,,0,,,,
145,32,145,03_28_2022,07_06_2022,,,0,,,,,07_06_2022,08_06_2022,,,0,,,,,08_06_2022,08_09_2022,,,0,,,,,08_09_2022,08_24_22,,,0,,,,,08_24_22,03_24_2023,,,0,,,,,03_24_2023,06_17_2023,,,0,,,,0.076815641,06_17_2023,07_31_2023,0.160468711,TRUE,0.006566769,0.386191011,0,0.076815641,0.14890666,07_31_2023,09_20_2023,0.123935912,TRUE,0.023232252,0.389319776,0,0.14890666,0.116477204
87,32,87,03_28_2022,07_06_2022,0.047818935,TRUE,0.041098973,0.322231665,0,0.159821105,0.114591625,07_06_2022,08_06_2022,,,0,,,0.114591625,,08_06_2022,08_09_2022,,,0,,,,0.107375144,08_09_2022,08_24_22,0.052492821,TRUE,0.011567162,0.221515812,0,0.107375144,0.061647847,08_24_22,03_24_2023,1.168005764,FALSE,0,1.379108342,0.956903185,0.061647847,0.149454732,03_24_2023,06_17_2023,1.39450136,FALSE,0,1.57857248,1.21043024,0.149454732,0.034616388,06_17_2023,07_31_2023,0.171083987,FALSE,0,0.699569048,0,0.034616388,0.493868673,07_31_2023,09_20_2023,,,0,,,0.493868673,
133,32,133,03_28_2022,07_06_2022,,,0,,,,,07_06_2022,08_06_2022,,,0,,,,,08_06_2022,08_09_2022,,,0,,,,,08_09_2022,08_24_22,,,0,,,,,08_24_22,03_24_2023,,,0,,,,,03_24_2023,06_17_2023,,,0,,,,0.001094317,06_17_2023,07_31_2023,0.082981968,FALSE,0,0.128888562,0.037075373,0.001094317,0.044812277,07_31_2023,09_20_2023,2.715191235,FALSE,0,5.252892966,0.177489503,0.044812277,2.492889454
69,32,69,03_28_2022,07_06_2022,,,0,,,,,07_06_2022,08_06_2022,,,0,,,,,08_06_2022,08_09_2022,,,0,,,,,08_09_2022,08_24_22,,,0,,,,,08_24_22,03_24_2023,,,0,,,,0.137260046,03_24_2023,06_17_2023,1.640364138,FALSE,0,1.798514651,1.482213626,0.137260046,0.020890467,06_17_2023,07_31_2023,0.100118415,TRUE,0.000381418,0.214354818,0,0.020890467,0.093345936,07_31_2023,09_20_2023,0.06975607,FALSE,0,0.331421686,0,0.093345936,0.16831968
71,32,71,03_28_2022,07_06_2022,,,0,,,0.01216335,,07_06_2022,08_06_2022,,,0,,,,,08_06_2022,08_09_2022,,,0,,,,,08_09_2022,08_24_22,,,0,,,,,08_24_22,03_24_2023,,,0,,,,,03_24_2023,06_17_2023,,,0,,,,0.50494464,06_17_2023,07_31_2023,,,0,,,0.50494464,,07_31_2023,09_20_2023,,,0,,,,
72,32,72,03_28_2022,07_06_2022,,,0,,,,,07_06_2022,08_06_2022,,,0,,,,,08_06_2022,08_09_2022,,,0,,,,,08_09_2022,08_24_22,,,0,,,,,08_24_22,03_24_2023,,,0,,,,0.174795138,03_24_2023,06_17_2023,,,0,,,0.174795138,,06_17_2023,07_31_2023,,,0,,,,,07_31_2023,09_20_2023,,,0,,,,
73,32,73,03_28_2022,07_06_2022,,,0,,,0.018130178,,07_06_2022,08_06_2022,,,0,,,,,08_06_2022,08_09_2022,,,0,,,,0.071789177,08_09_2022,08_24_22,0.286795033,FALSE,0,0.401169061,0.172421005,0.071789177,0.042584851,08_24_22,03_24_2023,,,0,,,0.042584851,,03_24_2023,06_17_2023,,,0,,,,,06_17_2023,07_31_2023,,,0,,,,,07_31_2023,09_20_2023,,,0,,,,
75,32,75,03_28_2022,07_06_2022,,,0,,,,,07_06_2022,08_06_2022,,,0,,,,,08_06_2022,08_09_2022,,,0,,,,,08_09_2022,08_24_22,,,0,,,,,08_24_22,03_24_2023,,,0,,,,0.069185596,03_24_2023,06_17_2023,0.668130467,FALSE,0,1.150834978,0.185425956,0.069185596,0.413518915,06_17_2023,07_31_2023,0.072312273,TRUE,0.526464683,0.948844265,0,0.413518915,0.463013077,07_31_2023,09_20_2023,0.059379887,TRUE,0.643380188,1.004985093,0,0.463013077,0.482592129
76,32,76,03_28_2022,07_06_2022,,,0,,,,,07_06_2022,08_06_2022,,,0,,,,,08_06_2022,08_09_2022,,,0,,,,,08_09_2022,08_24_22,,,0,,,,,08_24_22,03_24_2023,,,0,,,,0.157941127,03_24_2023,06_17_2023,,,0,,,0.157941127,,06_17_2023,07_31_2023,,,0,,,,0.023833543,07_31_2023,09_20_2023,0.138279062,FALSE,0,0.248659632,0.027898493,0.023833543,0.086547027
77,32,77,03_28_2022,07_06_2022,,,0,,,,,07_06_2022,08_06_2022,,,0,,,,,08_06_2022,08_09_2022,,,0,,,,,08_09_2022,08_24_22,,,0,,,,,08_24_22,03_24_2023,,,0,,,,0.07921735,03_24_2023,06_17_2023,0.197513807,FALSE,0,0.288532892,0.106494722,0.07921735,0.011801735,06_17_2023,07_31_2023,0.592028108,FALSE,0,1.337773057,0,0.011801735,0.733943214,07_31_2023,09_20_2023,0.547759869,FALSE,0,1.315070731,0,0.733943214,0.033367647
78,32,78,03_28_2022,07_06_2022,,,0,,,0.090727736,,07_06_2022,08_06_2022,,,0,,,,0.248983109,08_06_2022,08_09_2022,0.086645867,FALSE,0,0.372648708,0,0.248983109,0.037019732,08_09_2022,08_24_22,0.046331536,FALSE,0,0.271256602,0,0.037019732,0.187905335,08_24_22,03_24_2023,0.139650079,FALSE,0,0.32807697,0,0.187905335,0.000521557,03_24_2023,06_17_2023,,,0,,,0.000521557,,06_17_2023,07_31_2023,,,0,,,,,07_31_2023,09_20_2023,,,0,,,,
79,32,79,03_28_2022,07_06_2022,0.16651328,FALSE,0,0.731678623,0,0.178152347,0.387012996,07_06_2022,08_06_2022,0.182169369,FALSE,0,0.649278748,0,0.387012996,0.080096382,08_06_2022,08_09_2022,0.671934508,FALSE,0,0.810465125,0.533403891,0.080096382,0.058434235,08_09_2022,08_24_22,0.12116675,FALSE,0,0.239969005,0.002364494,0.058434235,0.060368021,08_24_22,03_24_2023,0.741561991,FALSE,0,0.866162944,0.616961037,0.060368021,0.064232932,03_24_2023,06_17_2023,,,0,,,0.064232932,,06_17_2023,07_31_2023,,,0,,,,,07_31_2023,09_20_2023,,,0,,,,
80,32,80,03_28_2022,07_06_2022,,,0,,,0.078326039,,07_06_2022,08_06_2022,,,0,,,,,08_06_2022,08_09_2022,,,0,,,,0.006062207,08_09_2022,08_24_22,0.036278428,FALSE,0,0.117736643,0,0.006062207,0.075396008,08_24_22,03_24_2023,0.119171469,TRUE,0.001985486,0.269892297,0,0.075396008,0.07532482,03_24_2023,06_17_2023,2.679319033,FALSE,0,2.829540935,2.529097131,0.07532482,0.074897082,06_17_2023,07_31_2023,0.013718772,FALSE,0,0.135273567,0,0.074897082,0.046657713,07_31_2023,09_20_2023,0.038143461,FALSE,0,0.194562107,0,0.046657713,0.109760933
81,32,81,03_28_2022,07_06_2022,0.196586405,FALSE,0,0.345914409,0.047258401,0.070965693,0.07836231,07_06_2022,08_06_2022,0.208248371,FALSE,0,0.28903772,0.127459022,0.07836231,0.002427039,08_06_2022,08_09_2022,0.046417075,FALSE,0,0.134361888,0,0.002427039,0.085517775,08_09_2022,08_24_22,0.038425403,FALSE,0,0.139463834,0,0.085517775,0.015520656,08_24_22,03_24_2023,,,0,,,0.015520656,,03_24_2023,06_17_2023,,,0,,,,,06_17_2023,07_31_2023,,,0,,,,0.673975985,07_31_2023,09_20_2023,1.283790622,FALSE,0,2.086767717,0.480813527,0.673975985,0.12900111
82,32,82,03_28_2022,07_06_2022,,,0,,,,,07_06_2022,08_06_2022,,,0,,,,,08_06_2022,08_09_2022,,,0,,,,,08_09_2022,08_24_22,,,0,,,,,08_24_22,03_24_2023,,,0,,,,0.120547475,03_24_2023,06_17_2023,,,0,,,0.120547475,,06_17_2023,07_31_2023,,,0,,,,,07_31_2023,09_20_2023,,,0,,,,
83,32,83,03_28_2022,07_06_2022,,,0,,,,,07_06_2022,08_06_2022,,,0,,,,,08_06_2022,08_09_2022,,,0,,,,,08_09_2022,08_24_22,,,0,,,,,08_24_22,03_24_2023,,,0,,,,,03_24_2023,06_17_2023,,,0,,,,,06_17_2023,07_31_2023,,,0,,,,,07_31_2023,09_20_2023,,,0,,,,
84,32,84,03_28_2022,07_06_2022,,,0,,,,,07_06_2022,08_06_2022,,,0,,,,,08_06_2022,08_09_2022,,,0,,,,,08_09_2022,08_24_22,,,0,,,,,08_24_22,03_24_2023,,,0,,,,,03_24_2023,06_17_2023,,,0,,,,,06_17_2023,07_31_2023,,,0,,,,,07_31_2023,09_20_2023,,,0,,,,
85,32,85,03_28_2022,07_06_2022,,,0,,,,,07_06_2022,08_06_2022,,,0,,,,,08_06_2022,08_09_2022,,,0,,,,,08_09_2022,08_24_22,,,0,,,,,08_24_22,03_24_2023,,,0,,,,,03_24_2023,06_17_2023,,,0,,,,0.71616133,06_17_2023,07_31_2023,5.732827909,FALSE,0,6.50739927,4.958256548,0.71616133,0.058410031,07_31_2023,09_20_2023,0.154000889,TRUE,0.000674469,0.323158616,0,0.058410031,0.110747695
131,32,131,03_28_2022,07_06_2022,,,0,,,,,07_06_2022,08_06_2022,,,0,,,,,08_06_2022,08_09_2022,,,0,,,,,08_09_2022,08_24_22,,,0,,,,,08_24_22,03_24_2023,,,0,,,,0.060344343,03_24_2023,06_17_2023,,,0,,,0.060344343,,06_17_2023,07_31_2023,,,0,,,,,07_31_2023,09_20_2023,,,0,,,,
70,32,70,03_28_2022,07_06_2022,0.211285031,FALSE,0,0.368013835,0.054556227,0.027786567,0.128942237,07_06_2022,08_06_2022,0.364420452,FALSE,0,0.535521277,0.193319627,0.128942237,0.042158588,08_06_2022,08_09_2022,0.106384802,FALSE,0,0.164578744,0.04819086,0.042158588,0.016035354,08_09_2022,08_24_22,0.023625896,FALSE,0,0.11806016,0,0.016035354,0.07839891,08_24_22,03_24_2023,,,0,,,0.07839891,,03_24_2023,06_17_2023,,,0,,,,,06_17_2023,07_31_2023,,,0,,,,,07_31_2023,09_20_2023,,,0,,,,
74,32,74,03_28_2022,07_06_2022,,,0,,,,,07_06_2022,08_06_2022,,,0,,,,,08_06_2022,08_09_2022,,,0,,,,,08_09_2022,08_24_22,,,0,,,,,08_24_22,03_24_2023,,,0,,,,0.106630817,03_24_2023,06_17_2023,1.323844902,FALSE,0,1.500903494,1.14678631,0.106630817,0.070427775,06_17_2023,07_31_2023,,,0,,,0.070427775,,07_31_2023,09_20_2023,,,0,,,,
67,32,67,03_28_2022,07_06_2022,,,0,,,,,07_06_2022,08_06_2022,,,0,,,,,08_06_2022,08_09_2022,,,0,,,,,08_09_2022,08_24_22,,,0,,,,,08_24_22,03_24_2023,,,0,,,,0.02752014,03_24_2023,06_17_2023,2.122826073,FALSE,0,2.218495126,2.027157019,0.02752014,0.068148914,06_17_2023,07_31_2023,0.016645865,TRUE,0.014472696,0.167339168,0,0.068148914,0.082544389,07_31_2023,09_20_2023,0.00082127,FALSE,0,0.191959036,0,0.082544389,0.108593376
122,32,122,03_28_2022,07_06_2022,,,0,,,,,07_06_2022,08_06_2022,,,0,,,,,08_06_2022,08_09_2022,,,0,,,,,08_09_2022,08_24_22,,,0,,,,,08_24_22,03_24_2023,,,0,,,,0.034474736,03_24_2023,06_17_2023,0.684334909,FALSE,0,0.815462263,0.553207556,0.034474736,0.096652618,06_17_2023,07_31_2023,0.356916441,FALSE,0,0.547200696,0.166632186,0.096652618,0.093631637,07_31_2023,09_20_2023,,,0,,,0.093631637,
130,32,130,03_28_2022,07_06_2022,0.118990319,FALSE,0,0.204769084,0.033211554,0.068400966,0.017377799,07_06_2022,08_06_2022,0.082207185,FALSE,0,0.139243641,0.025170729,0.017377799,0.039658657,08_06_2022,08_09_2022,0.017328865,TRUE,0.00292736,0.090776526,0,0.039658657,0.033789004,08_09_2022,08_24_22,0.05064901,FALSE,0,0.100461014,0.000837006,0.033789004,0.016023,08_24_22,03_24_2023,,,0,,,0.016023,,03_24_2023,06_17_2023,,,0,,,,,06_17_2023,07_31_2023,,,0,,,,,07_31_2023,09_20_2023,,,0,,,,
129,32,129,03_28_2022,07_06_2022,0.531576413,FALSE,0,0.738383618,0.324769208,0.107961572,0.098845633,07_06_2022,08_06_2022,0.068009788,FALSE,0,0.186341961,0,0.098845633,0.019486539,08_06_2022,08_09_2022,0.131771835,FALSE,0,0.204017945,0.059525726,0.019486539,0.052759571,08_09_2022,08_24_22,0.017386407,FALSE,0,0.194087919,0,0.052759571,0.123941942,08_24_22,03_24_2023,,,0,,,0.123941942,,03_24_2023,06_17_2023,,,0,,,,,06_17_2023,07_31_2023,,,0,,,,,07_31_2023,09_20_2023,,,0,,,,
127,32,127,03_28_2022,07_06_2022,0.209944923,TRUE,0.002326924,0.450877124,0,0.082649509,0.158282692,07_06_2022,08_06_2022,0.121968296,TRUE,0.005786185,0.324263455,0,0.158282692,0.044012467,08_06_2022,08_09_2022,0.052018137,TRUE,5.34E-05,0.108497086,0,0.044012467,0.012466482,08_09_2022,08_24_22,0.077149494,FALSE,0,0.109310853,0.044988135,0.012466482,0.019694877,08_24_22,03_24_2023,,,0,,,0.019694877,,03_24_2023,06_17_2023,,,0,,,,0.107136495,06_17_2023,07_31_2023,0.065788248,TRUE,0.018357428,0.265882814,0,0.107136495,0.092958071,07_31_2023,09_20_2023,,,0,,,0.092958071,
126,32,126,03_28_2022,07_06_2022,,,0,,,,,07_06_2022,08_06_2022,,,0,,,,,08_06_2022,08_09_2022,,,0,,,,,08_09_2022,08_24_22,,,0,,,,,08_24_22,03_24_2023,,,0,,,,0.078569897,03_24_2023,06_17_2023,,,0,,,0.078569897,,06_17_2023,07_31_2023,,,0,,,,,07_31_2023,09_20_2023,,,0,,,,
65,32,65,03_28_2022,07_06_2022,,,0,,,,,07_06_2022,08_06_2022,,,0,,,,,08_06_2022,08_09_2022,,,0,,,,,08_09_2022,08_24_22,,,0,,,,,08_24_22,03_24_2023,,,0,,,,,03_24_2023,06_17_2023,,,0,,,,0.02727025,06_17_2023,07_31_2023,0.027030798,FALSE,0,0.157055342,0,0.02727025,0.102754293,07_31_2023,09_20_2023,2.777914411,FALSE,0,5.090706109,0.465122712,0.102754293,2.210037405
124,32,124,03_28_2022,07_06_2022,,,0,,,,0.052225163,07_06_2022,08_06_2022,,,0,,,0.052225163,,08_06_2022,08_09_2022,,,0,,,,,08_09_2022,08_24_22,,,0,,,,,08_24_22,03_24_2023,,,0,,,,0.057719669,03_24_2023,06_17_2023,0.058346227,TRUE,0.000915914,0.141886977,0,0.057719669,0.025821081,06_17_2023,07_31_2023,,,0,,,0.025821081,,07_31_2023,09_20_2023,,,0,,,,0.10627764
123,32,123,03_28_2022,07_06_2022,0.056217116,FALSE,0,0.216092119,0,0.158017767,0.001857236,07_06_2022,08_06_2022,0.089624119,FALSE,0,0.276062885,0,0.001857236,0.184581531,08_06_2022,08_09_2022,,,0,,,0.184581531,,08_09_2022,08_24_22,,,0,,,,,08_24_22,03_24_2023,,,0,,,,,03_24_2023,06_17_2023,,,0,,,,0.137966377,06_17_2023,07_31_2023,0.140329909,TRUE,6.01E-05,0.286191199,0,0.137966377,0.007894913,07_31_2023,09_20_2023,0.048471551,FALSE,0,0.083643981,0.013299121,0.007894913,0.027277517
56,32,56,03_28_2022,07_06_2022,0.02244505,TRUE,0.003461529,0.105002119,0,0.044957607,0.037599462,07_06_2022,08_06_2022,0.104252542,TRUE,0.002433466,0.251130018,0,0.037599462,0.109278015,08_06_2022,08_09_2022,0.073386729,TRUE,0.012851258,0.25778893,0,0.109278015,0.075124186,08_09_2022,08_24_22,0.002646403,FALSE,0,0.261665112,0,0.075124186,0.183894523,08_24_22,03_24_2023,0.041697504,FALSE,0,0.231415972,0,0.183894523,0.005823945,03_24_2023,06_17_2023,,,0,,,0.005823945,,06_17_2023,07_31_2023,,,0,,,,,07_31_2023,09_20_2023,,,0,,,,
58,32,58,03_28_2022,07_06_2022,0.143694059,FALSE,0,0.375087327,0,0.029318405,0.202074864,07_06_2022,08_06_2022,0.281499057,FALSE,0,0.522345695,0.040652419,0.202074864,0.038771774,08_06_2022,08_09_2022,0.164249692,FALSE,0,0.439276297,0,0.038771774,0.236254831,08_09_2022,08_24_22,0.420934304,FALSE,0,0.764846662,0.077021946,0.236254831,0.107657527,08_24_22,03_24_2023,,,0,,,0.107657527,,03_24_2023,06_17_2023,,,0,,,,,06_17_2023,07_31_2023,,,0,,,,,07_31_2023,09_20_2023,,,0,,,,
64,32,64,03_28_2022,07_06_2022,0.06276811,TRUE,0.001365443,0.159137074,0,0.025814329,0.070554635,07_06_2022,08_06_2022,0.099588914,TRUE,0.002439828,0.23680285,0,0.070554635,0.066659301,08_06_2022,08_09_2022,0.033084395,TRUE,0.009152063,0.163905581,0,0.066659301,0.064161885,08_09_2022,08_24_22,0.018517658,FALSE,0,0.120438522,0,0.064161885,0.037758979,08_24_22,03_24_2023,0.014748658,TRUE,0.003764065,0.094218582,0,0.037758979,0.041710945,03_24_2023,06_17_2023,,,0,,,0.041710945,,06_17_2023,07_31_2023,,,0,,,,,07_31_2023,09_20_2023,,,0,,,,
61,32,61,03_28_2022,07_06_2022,,,0,,,,,07_06_2022,08_06_2022,,,0,,,,,08_06_2022,08_09_2022,,,0,,,,,08_09_2022,08_24_22,,,0,,,,,08_24_22,03_24_2023,,,0,,,,,03_24_2023,06_17_2023,,,0,,,,0.302163353,06_17_2023,07_31_2023,0.116833433,TRUE,0.282650894,0.82125918,0,0.302163353,0.402262394,07_31_2023,09_20_2023,0.011674844,FALSE,0,0.721533754,0,0.402262394,0.307596516
62,32,62,03_28_2022,07_06_2022,,,0,,,,,07_06_2022,08_06_2022,,,0,,,,,08_06_2022,08_09_2022,,,0,,,,,08_09_2022,08_24_22,,,0,,,,,08_24_22,03_24_2023,,,0,,,,,03_24_2023,06_17_2023,,,0,,,,0.152510313,06_17_2023,07_31_2023,,,0,,,0.152510313,,07_31_2023,09_20_2023,,,0,,,,
63,32,63,03_28_2022,07_06_2022,0.185064074,TRUE,0.000605919,0.389488634,0,0.020922593,0.183501968,07_06_2022,08_06_2022,0.167223158,FALSE,0,0.366185519,0,0.183501968,0.015460393,08_06_2022,08_09_2022,0.233099893,FALSE,0,0.285106639,0.181093148,0.015460393,0.036546353,08_09_2022,08_24_22,0.124900497,FALSE,0,0.161898763,0.087902231,0.036546353,0.000451913,08_24_22,03_24_2023,0.236719656,FALSE,0,0.332297517,0.141141794,0.000451913,0.095125948,03_24_2023,06_17_2023,,,0,,,0.095125948,,06_17_2023,07_31_2023,,,0,,,,,07_31_2023,09_20_2023,,,0,,,,
118,32,118,03_28_2022,07_06_2022,,,0,,,,,07_06_2022,08_06_2022,,,0,,,,,08_06_2022,08_09_2022,,,0,,,,,08_09_2022,08_24_22,,,0,,,,,08_24_22,03_24_2023,,,0,,,,0.013745717,03_24_2023,06_17_2023,,,0,,,0.013745717,,06_17_2023,07_31_2023,,,0,,,,0.842945268,07_31_2023,09_20_2023,0.882398749,TRUE,0.343235635,2.255926873,0,0.842945268,0.530582856
1046,22.6,1046,03_28_2022,07_06_2022,,,0,,,,,07_06_2022,08_06_2022,,,0,,,,,08_06_2022,08_09_2022,,,0,,,,,08_09_2022,08_24_22,,,0,,,,,08_24_22,03_24_2023,,,0,,,,,03_24_2023,06_17_2023,,,0,,,,,06_17_2023,07_31_2023,,,0,,,,,07_31_2023,09_20_2023,,,0,,,,
1050,22.6,1050,03_28_2022,07_06_2022,,,0,,,,,07_06_2022,08_06_2022,,,0,,,,,08_06_2022,08_09_2022,,,0,,,,,08_09_2022,08_24_22,,,0,,,,,08_24_22,03_24_2023,,,0,,,,,03_24_2023,06_17_2023,,,0,,,,,06_17_2023,07_31_2023,,,0,,,,,07_31_2023,09_20_2023,,,0,,,,
1049,22.6,1049,03_28_2022,07_06_2022,,,0,,,,,07_06_2022,08_06_2022,,,0,,,,,08_06_2022,08_09_2022,,,0,,,,,08_09_2022,08_24_22,,,0,,,,,08_24_22,03_24_2023,,,0,,,,,03_24_2023,06_17_2023,,,0,,,,0.074569994,06_17_2023,07_31_2023,,,0,,,0.074569994,,07_31_2023,09_20_2023,,,0,,,,
1048,22.6,1048,03_28_2022,07_06_2022,0.06635524,TRUE,0.000599324,0.151078775,0,0.057762903,0.026960632,07_06_2022,08_06_2022,0.091083814,FALSE,0,0.142530359,0.039637269,0.026960632,0.024485913,08_06_2022,08_09_2022,0.039887769,TRUE,0.001466847,0.117044608,0,0.024485913,0.052670925,08_09_2022,08_24_22,0.085666295,TRUE,3.51E-05,0.173879939,0,0.052670925,0.035542719,08_24_22,03_24_2023,0.025052012,FALSE,0,0.221273316,0,0.035542719,0.160678585,03_24_2023,06_17_2023,,,0,,,0.160678585,,06_17_2023,07_31_2023,,,0,,,,,07_31_2023,09_20_2023,,,0,,,,
1047,22.6,1047,03_28_2022,07_06_2022,,,0,,,,,07_06_2022,08_06_2022,,,0,,,,,08_06_2022,08_09_2022,,,0,,,,,08_09_2022,08_24_22,,,0,,,,,08_24_22,03_24_2023,,,0,,,,,03_24_2023,06_17_2023,,,0,,,,,06_17_2023,07_31_2023,,,0,,,,,07_31_2023,09_20_2023,,,0,,,,0.455524001
1044,22.6,1044,03_28_2022,07_06_2022,0.26616946,TRUE,0.005252291,0.593208641,0,0.055971286,0.271067895,07_06_2022,08_06_2022,0.166269109,TRUE,0.048592334,0.565571104,0,0.271067895,0.1282341,08_06_2022,08_09_2022,0.046999463,FALSE,0,0.230663731,0,0.1282341,0.055430168,08_09_2022,08_24_22,0.396296268,FALSE,0,0.591202891,0.201389645,0.055430168,0.139476456,08_24_22,03_24_2023,0.806254495,FALSE,0,1.025524949,0.586984041,0.139476456,0.079793998,03_24_2023,06_17_2023,,,0,,,0.079793998,,06_17_2023,07_31_2023,,,0,,,,,07_31_2023,09_20_2023,,,0,,,,
1045,22.6,1045,03_28_2022,07_06_2022,,,0,,,,,07_06_2022,08_06_2022,,,0,,,,,08_06_2022,08_09_2022,,,0,,,,,08_09_2022,08_24_22,,,0,,,,,08_24_22,03_24_2023,,,0,,,,,03_24_2023,06_17_2023,,,0,,,,0.016791495,06_17_2023,07_31_2023,0.450964119,FALSE,0,0.536153978,0.36577426,0.016791495,0.068398364,07_31_2023,09_20_2023,3.023697707,FALSE,0,5.242488291,0.804907122,0.068398364,2.150392221
1043,22.6,1043,03_28_2022,07_06_2022,,,0,,,0.068847234,,07_06_2022,08_06_2022,,,0,,,,,08_06_2022,08_09_2022,,,0,,,,,08_09_2022,08_24_22,,,0,,,,,08_24_22,03_24_2023,,,0,,,,,03_24_2023,06_17_2023,,,0,,,,,06_17_2023,07_31_2023,,,0,,,,,07_31_2023,09_20_2023,,,0,,,,
1052,22.6,1052,03_28_2022,07_06_2022,,,0,,,,,07_06_2022,08_06_2022,,,0,,,,,08_06_2022,08_09_2022,,,0,,,,,08_09_2022,08_24_22,,,0,,,,,08_24_22,03_24_2023,,,0,,,,,03_24_2023,06_17_2023,,,0,,,,0.041796438,06_17_2023,07_31_2023,,,0,,,0.041796438,,07_31_2023,09_20_2023,,,0,,,,
1042,22.6,1042,03_28_2022,07_06_2022,,,0,,,,,07_06_2022,08_06_2022,,,0,,,,,08_06_2022,08_09_2022,,,0,,,,,08_09_2022,08_24_22,,,0,,,,,08_24_22,03_24_2023,,,0,,,,0.097991269,03_24_2023,06_17_2023,,,0,,,0.097991269,,06_17_2023,07_31_2023,,,0,,,,,07_31_2023,09_20_2023,,,0,,,,
1041,22.6,1041,03_28_2022,07_06_2022,,,0,,,,,07_06_2022,08_06_2022,,,0,,,,,08_06_2022,08_09_2022,,,0,,,,,08_09_2022,08_24_22,,,0,,,,,08_24_22,03_24_2023,,,0,,,,,03_24_2023,06_17_2023,,,0,,,,0.06157765,06_17_2023,07_31_2023,0.165801605,FALSE,0,0.241391279,0.09021193,0.06157765,0.014012024,07_31_2023,09_20_2023,3.141057549,FALSE,0,5.090580992,1.191534105,0.014012024,1.93551142
1051,22.6,1051,03_28_2022,07_06_2022,,,0,,,,,07_06_2022,08_06_2022,,,0,,,,,08_06_2022,08_09_2022,,,0,,,,,08_09_2022,08_24_22,,,0,,,,,08_24_22,03_24_2023,,,0,,,,,03_24_2023,06_17_2023,,,0,,,,,06_17_2023,07_31_2023,,,0,,,,,07_31_2023,09_20_2023,,,0,,,,0.503367535
1065,22.6,1065,03_28_2022,07_06_2022,0.200023695,TRUE,0.011318466,0.49083669,0,0.084994042,0.205818953,07_06_2022,08_06_2022,0.159611912,TRUE,0.050844448,0.532564018,0,0.205818953,0.167133153,08_06_2022,08_09_2022,0.047297611,FALSE,0,0.267781553,0,0.167133153,0.053350789,08_09_2022,08_24_22,0.017624789,TRUE,0.008852895,0.139754047,0,0.053350789,0.068778469,08_24_22,03_24_2023,0.113850611,FALSE,0,0.386431902,0,0.068778469,0.203802823,03_24_2023,06_17_2023,4.573726987,FALSE,0,4.948868609,4.198585365,0.203802823,0.171338799,06_17_2023,07_31_2023,,,0,,,0.171338799,,07_31_2023,09_20_2023,,,0,,,,
1053,22.6,1053,03_28_2022,07_06_2022,,,0,,,,,07_06_2022,08_06_2022,,,0,,,,,08_06_2022,08_09_2022,,,0,,,,,08_09_2022,08_24_22,,,0,,,,,08_24_22,03_24_2023,,,0,,,,,03_24_2023,06_17_2023,,,0,,,,0.400398578,06_17_2023,07_31_2023,0.074355911,FALSE,0,0.79401119,0,0.400398578,0.319256701,07_31_2023,09_20_2023,0.483651478,TRUE,0.116979142,1.254574051,0,0.319256701,0.451665872
1054,22.6,1054,03_28_2022,07_06_2022,,,0,,,,,07_06_2022,08_06_2022,,,0,,,,,08_06_2022,08_09_2022,,,0,,,,,08_09_2022,08_24_22,,,0,,,,,08_24_22,03_24_2023,,,0,,,,,03_24_2023,06_17_2023,,,0,,,,,06_17_2023,07_31_2023,,,0,,,,,07_31_2023,09_20_2023,,,0,,,,
1055,22.6,1055,03_28_2022,07_06_2022,0.126834422,TRUE,0.028684879,0.413461487,0,0.162868758,0.123758307,07_06_2022,08_06_2022,0.246706072,FALSE,0,0.448279093,0.04513305,0.123758307,0.077814714,08_06_2022,08_09_2022,0.205366163,TRUE,0.014618624,0.526045399,0,0.077814714,0.242864522,08_09_2022,08_24_22,0.105653634,FALSE,0,0.35983373,0,0.242864522,0.011315574,08_24_22,03_24_2023,0.157048382,FALSE,0,0.2411416,0.072955163,0.011315574,0.072777645,03_24_2023,06_17_2023,,,0,,,0.072777645,,06_17_2023,07_31_2023,,,0,,,,,07_31_2023,09_20_2023,,,0,,,,
1056,22.6,1056,03_28_2022,07_06_2022,,,0,,,,,07_06_2022,08_06_2022,,,0,,,,,08_06_2022,08_09_2022,,,0,,,,,08_09_2022,08_24_22,,,0,,,,,08_24_22,03_24_2023,,,0,,,,,03_24_2023,06_17_2023,,,0,,,,,06_17_2023,07_31_2023,,,0,,,,,07_31_2023,09_20_2023,,,0,,,,
1057,22.6,1057,03_28_2022,07_06_2022,,,0,,,,,07_06_2022,08_06_2022,,,0,,,,,08_06_2022,08_09_2022,,,0,,,,,08_09_2022,08_24_22,,,0,,,,,08_24_22,03_24_2023,,,0,,,,,03_24_2023,06_17_2023,,,0,,,,0.031816286,06_17_2023,07_31_2023,0.027212524,FALSE,0,0.175390025,0,0.031816286,0.116361214,07_31_2023,09_20_2023,,,0,,,0.116361214,
1058,22.6,1058,03_28_2022,07_06_2022,0.047227722,TRUE,0.00075569,0.116832473,0,0.043011152,0.026593599,07_06_2022,08_06_2022,,,0,,,0.026593599,,08_06_2022,08_09_2022,,,0,,,,0.053078132,08_09_2022,08_24_22,0.051548135,TRUE,0.001385035,0.135293667,0,0.053078132,0.0306674,08_24_22,03_24_2023,,,0,,,0.0306674,,03_24_2023,06_17_2023,,,0,,,,,06_17_2023,07_31_2023,,,0,,,,,07_31_2023,09_20_2023,,,0,,,,
1059,22.6,1059,03_28_2022,07_06_2022,,,0,,,,,07_06_2022,08_06_2022,,,0,,,,,08_06_2022,08_09_2022,,,0,,,,,08_09_2022,08_24_22,,,0,,,,,08_24_22,03_24_2023,,,0,,,,,03_24_2023,06_17_2023,,,0,,,,,06_17_2023,07_31_2023,,,0,,,,,07_31_2023,09_20_2023,,,0,,,,
1060,22.6,1060,03_28_2022,07_06_2022,,,0,,,,,07_06_2022,08_06_2022,,,0,,,,,08_06_2022,08_09_2022,,,0,,,,,08_09_2022,08_24_22,,,0,,,,,08_24_22,03_24_2023,,,0,,,,,03_24_2023,06_17_2023,,,0,,,,,06_17_2023,07_31_2023,,,0,,,,,07_31_2023,09_20_2023,,,0,,,,
1061,22.6,1061,03_28_2022,07_06_2022,,,0,,,,,07_06_2022,08_06_2022,,,0,,,,,08_06_2022,08_09_2022,,,0,,,,,08_09_2022,08_24_22,,,0,,,,,08_24_22,03_24_2023,,,0,,,,,03_24_2023,06_17_2023,,,0,,,,0.508326789,06_17_2023,07_31_2023,,,0,,,0.508326789,,07_31_2023,09_20_2023,,,0,,,,
1062,22.6,1062,03_28_2022,07_06_2022,0.052204591,TRUE,0.009886021,0.201623251,0,0.076565931,0.07285273,07_06_2022,08_06_2022,1.193240635,FALSE,0,1.355681891,1.030799379,0.07285273,0.089588526,08_06_2022,08_09_2022,1.087199313,FALSE,0,1.2972496,0.877149026,0.089588526,0.12046176,08_09_2022,08_24_22,0.003897201,FALSE,0,0.190568211,0,0.12046176,0.06620925,08_24_22,03_24_2023,,,0,,,0.06620925,,03_24_2023,06_17_2023,,,0,,,,,06_17_2023,07_31_2023,,,0,,,,,07_31_2023,09_20_2023,,,0,,,,
1063,22.6,1063,03_28_2022,07_06_2022,,,0,,,,,07_06_2022,08_06_2022,,,0,,,,,08_06_2022,08_09_2022,,,0,,,,,08_09_2022,08_24_22,,,0,,,,,08_24_22,03_24_2023,,,0,,,,,03_24_2023,06_17_2023,,,0,,,,0.639291085,06_17_2023,07_31_2023,,,0,,,0.639291085,,07_31_2023,09_20_2023,,,0,,,,1.724442776
1064,22.6,1064,03_28_2022,07_06_2022,,,0,,,,,07_06_2022,08_06_2022,,,0,,,,,08_06_2022,08_09_2022,,,0,,,,,08_09_2022,08_24_22,,,0,,,,,08_24_22,03_24_2023,,,0,,,,,03_24_2023,06_17_2023,,,0,,,,,06_17_2023,07_31_2023,,,0,,,,,07_31_2023,09_20_2023,,,0,,,,
1039,22.6,1039,03_28_2022,07_06_2022,,,0,,,,0.12976722,07_06_2022,08_06_2022,1.078033622,FALSE,0,1.20791782,0.948149425,0.12976722,0.000116977,08_06_2022,08_09_2022,,,0,,,0.000116977,,08_09_2022,08_24_22,,,0,,,,0.133127092,08_24_22,03_24_2023,,,0,,,0.133127092,,03_24_2023,06_17_2023,,,0,,,,0.085317696,06_17_2023,07_31_2023,,,0,,,0.085317696,,07_31_2023,09_20_2023,,,0,,,,
1040,22.6,1040,03_28_2022,07_06_2022,,,0,,,,,07_06_2022,08_06_2022,,,0,,,,,08_06_2022,08_09_2022,,,0,,,,,08_09_2022,08_24_22,,,0,,,,,08_24_22,03_24_2023,,,0,,,,,03_24_2023,06_17_2023,,,0,,,,0.452527188,06_17_2023,07_31_2023,,,0,,,0.452527188,,07_31_2023,09_20_2023,,,0,,,,
1066,22.6,1066,03_28_2022,07_06_2022,,,0,,,,,07_06_2022,08_06_2022,,,0,,,,,08_06_2022,08_09_2022,,,0,,,,,08_09_2022,08_24_22,,,0,,,,,08_24_22,03_24_2023,,,0,,,,,03_24_2023,06_17_2023,,,0,,,,,06_17_2023,07_31_2023,,,0,,,,,07_31_2023,09_20_2023,,,0,,,,
1027,16,1027,03_28_2022,07_06_2022,,,0,,,,,07_06_2022,08_06_2022,,,0,,,,,08_06_2022,08_09_2022,,,0,,,,,08_09_2022,08_24_22,,,0,,,,,08_24_22,03_24_2023,,,0,,,,,03_24_2023,06_17_2023,,,0,,,,,06_17_2023,07_31_2023,,,0,,,,,07_31_2023,09_20_2023,,,0,,,,
1019,16,1019,03_28_2022,07_06_2022,,,0,,,,,07_06_2022,08_06_2022,,,0,,,,,08_06_2022,08_09_2022,,,0,,,,,08_09_2022,08_24_22,,,0,,,,,08_24_22,03_24_2023,,,0,,,,,03_24_2023,06_17_2023,,,0,,,,,06_17_2023,07_31_2023,,,0,,,,,07_31_2023,09_20_2023,,,0,,,,
1017,16,1017,03_28_2022,07_06_2022,0.170373986,TRUE,0.020478182,0.464568901,0,0.166303522,0.127891393,07_06_2022,08_06_2022,0.167661495,TRUE,0.005805623,0.392568392,0,0.127891393,0.097015504,08_06_2022,08_09_2022,0.16271543,TRUE,0.000699878,0.340190854,0,0.097015504,0.08045992,08_09_2022,08_24_22,0.175158889,TRUE,0.001716021,0.376514562,0,0.08045992,0.120895753,08_24_22,03_24_2023,,,0,,,0.120895753,,03_24_2023,06_17_2023,,,0,,,,,06_17_2023,07_31_2023,,,0,,,,,07_31_2023,09_20_2023,,,0,,,,
1016,16,1016,03_28_2022,07_06_2022,,,0,,,,,07_06_2022,08_06_2022,,,0,,,,,08_06_2022,08_09_2022,,,0,,,,,08_09_2022,08_24_22,,,0,,,,,08_24_22,03_24_2023,,,0,,,,,03_24_2023,06_17_2023,,,0,,,,,06_17_2023,07_31_2023,,,0,,,,,07_31_2023,09_20_2023,,,0,,,,
1014,16,1014,03_28_2022,07_06_2022,,,0,,,0.028095187,,07_06_2022,08_06_2022,,,0,,,,,08_06_2022,08_09_2022,,,0,,,,,08_09_2022,08_24_22,,,0,,,,,08_24_22,03_24_2023,,,0,,,,,03_24_2023,06_17_2023,,,0,,,,,06_17_2023,07_31_2023,,,0,,,,,07_31_2023,09_20_2023,,,0,,,,
1013,16,1013,03_28_2022,07_06_2022,,,0,,,,,07_06_2022,08_06_2022,,,0,,,,,08_06_2022,08_09_2022,,,0,,,,,08_09_2022,08_24_22,,,0,,,,,08_24_22,03_24_2023,,,0,,,,,03_24_2023,06_17_2023,,,0,,,,,06_17_2023,07_31_2023,,,0,,,,,07_31_2023,09_20_2023,,,0,,,,
1012,16,1012,03_28_2022,07_06_2022,,,0,,,,,07_06_2022,08_06_2022,,,0,,,,,08_06_2022,08_09_2022,,,0,,,,,08_09_2022,08_24_22,,,0,,,,,08_24_22,03_24_2023,,,0,,,,,03_24_2023,06_17_2023,,,0,,,,,06_17_2023,07_31_2023,,,0,,,,,07_31_2023,09_20_2023,,,0,,,,
1011,16,1011,03_28_2022,07_06_2022,,,0,,,,,07_06_2022,08_06_2022,,,0,,,,,08_06_2022,08_09_2022,,,0,,,,,08_09_2022,08_24_22,,,0,,,,,08_24_22,03_24_2023,,,0,,,,,03_24_2023,06_17_2023,,,0,,,,,06_17_2023,07_31_2023,,,0,,,,,07_31_2023,09_20_2023,,,0,,,,
1010,16,1010,03_28_2022,07_06_2022,,,0,,,,,07_06_2022,08_06_2022,,,0,,,,,08_06_2022,08_09_2022,,,0,,,,,08_09_2022,08_24_22,,,0,,,,,08_24_22,03_24_2023,,,0,,,,,03_24_2023,06_17_2023,,,0,,,,,06_17_2023,07_31_2023,,,0,,,,,07_31_2023,09_20_2023,,,0,,,,
1009,16,1009,03_28_2022,07_06_2022,,,0,,,,,07_06_2022,08_06_2022,,,0,,,,,08_06_2022,08_09_2022,,,0,,,,,08_09_2022,08_24_22,,,0,,,,,08_24_22,03_24_2023,,,0,,,,,03_24_2023,06_17_2023,,,0,,,,,06_17_2023,07_31_2023,,,0,,,,,07_31_2023,09_20_2023,,,0,,,,
1008,16,1008,03_28_2022,07_06_2022,,,0,,,,,07_06_2022,08_06_2022,,,0,,,,,08_06_2022,08_09_2022,,,0,,,,,08_09_2022,08_24_22,,,0,,,,,08_24_22,03_24_2023,,,0,,,,,03_24_2023,06_17_2023,,,0,,,,,06_17_2023,07_31_2023,,,0,,,,,07_31_2023,09_20_2023,,,0,,,,
1007,16,1007,03_28_2022,07_06_2022,,,0,,,,,07_06_2022,08_06_2022,,,0,,,,,08_06_2022,08_09_2022,,,0,,,,,08_09_2022,08_24_22,,,0,,,,,08_24_22,03_24_2023,,,0,,,,,03_24_2023,06_17_2023,,,0,,,,,06_17_2023,07_31_2023,,,0,,,,,07_31_2023,09_20_2023,,,0,,,,
1006,16,1006,03_28_2022,07_06_2022,,,0,,,,,07_06_2022,08_06_2022,,,0,,,,0.000606766,08_06_2022,08_09_2022,0.005343166,FALSE,0,0.063326987,0,0.000606766,0.057377054,08_09_2022,08_24_22,,,0,,,0.057377054,,08_24_22,03_24_2023,,,0,,,,,03_24_2023,06_17_2023,,,0,,,,,06_17_2023,07_31_2023,,,0,,,,,07_31_2023,09_20_2023,,,0,,,,
1005,16,1005,03_28_2022,07_06_2022,,,0,,,,,07_06_2022,08_06_2022,,,0,,,,,08_06_2022,08_09_2022,,,0,,,,,08_09_2022,08_24_22,,,0,,,,,08_24_22,03_24_2023,,,0,,,,,03_24_2023,06_17_2023,,,0,,,,,06_17_2023,07_31_2023,,,0,,,,,07_31_2023,09_20_2023,,,0,,,,
1004,16,1004,03_28_2022,07_06_2022,,,0,,,,,07_06_2022,08_06_2022,,,0,,,,,08_06_2022,08_09_2022,,,0,,,,,08_09_2022,08_24_22,,,0,,,,,08_24_22,03_24_2023,,,0,,,,,03_24_2023,06_17_2023,,,0,,,,,06_17_2023,07_31_2023,,,0,,,,,07_31_2023,09_20_2023,,,0,,,,
166,16,166,03_28_2022,07_06_2022,,,0,,,,,07_06_2022,08_06_2022,,,0,,,,,08_06_2022,08_09_2022,,,0,,,,,08_09_2022,08_24_22,,,0,,,,,08_24_22,03_24_2023,,,0,,,,,03_24_2023,06_17_2023,,,0,,,,0.042435001,06_17_2023,07_31_2023,0.021296526,TRUE,0.005611544,0.125786435,0,0.042435001,0.062054909,07_31_2023,09_20_2023,0.073118804,TRUE,0.001298829,0.174313249,0,0.062054909,0.039139536
165,16,165,03_28_2022,07_06_2022,,,0,,,,,07_06_2022,08_06_2022,,,0,,,,,08_06_2022,08_09_2022,,,0,,,,,08_09_2022,08_24_22,,,0,,,,,08_24_22,03_24_2023,,,0,,,,,03_24_2023,06_17_2023,,,0,,,,0.468534868,06_17_2023,07_31_2023,1.362218309,FALSE,0,1.888655219,0.835781399,0.468534868,0.057902042,07_31_2023,09_20_2023,0.586616392,FALSE,0,0.687717624,0.48551516,0.057902042,0.04319919
1028,16,1028,03_28_2022,07_06_2022,,,0,,,,,07_06_2022,08_06_2022,,,0,,,,,08_06_2022,08_09_2022,,,0,,,,,08_09_2022,08_24_22,,,0,,,,,08_24_22,03_24_2023,,,0,,,,0.074025194,03_24_2023,06_17_2023,,,0,,,0.074025194,,06_17_2023,07_31_2023,,,0,,,,,07_31_2023,09_20_2023,,,0,,,,
1018,16,1018,03_28_2022,07_06_2022,,,0,,,,,07_06_2022,08_06_2022,,,0,,,,,08_06_2022,08_09_2022,,,0,,,,,08_09_2022,08_24_22,,,0,,,,,08_24_22,03_24_2023,,,0,,,,,03_24_2023,06_17_2023,,,0,,,,,06_17_2023,07_31_2023,,,0,,,,,07_31_2023,09_20_2023,,,0,,,,
1020,16,1020,03_28_2022,07_06_2022,,,0,,,,,07_06_2022,08_06_2022,,,0,,,,,08_06_2022,08_09_2022,,,0,,,,,08_09_2022,08_24_22,,,0,,,,,08_24_22,03_24_2023,,,0,,,,,03_24_2023,06_17_2023,,,0,,,,,06_17_2023,07_31_2023,,,0,,,,,07_31_2023,09_20_2023,,,0,,,,
1036,16,1036,03_28_2022,07_06_2022,0.353941954,FALSE,0,0.601713764,0.106170144,0.106212605,0.141559205,07_06_2022,08_06_2022,0.155302123,TRUE,0.02583129,0.454125727,0,0.141559205,0.157264398,08_06_2022,08_09_2022,0.101578686,FALSE,0,0.643227881,0,0.157264398,0.384384798,08_09_2022,08_24_22,0.364970089,TRUE,0.010972798,0.822807949,0,0.384384798,0.073453062,08_24_22,03_24_2023,,,0,,,0.073453062,,03_24_2023,06_17_2023,,,0,,,,,06_17_2023,07_31_2023,,,0,,,,,07_31_2023,09_20_2023,,,0,,,,
1029,16,1029,03_28_2022,07_06_2022,,,0,,,,,07_06_2022,08_06_2022,,,0,,,,,08_06_2022,08_09_2022,,,0,,,,,08_09_2022,08_24_22,,,0,,,,,08_24_22,03_24_2023,,,0,,,,,03_24_2023,06_17_2023,,,0,,,,,06_17_2023,07_31_2023,,,0,,,,,07_31_2023,09_20_2023,,,0,,,,
1030,16,1030,03_28_2022,07_06_2022,,,0,,,,,07_06_2022,08_06_2022,,,0,,,,,08_06_2022,08_09_2022,,,0,,,,,08_09_2022,08_24_22,,,0,,,,,08_24_22,03_24_2023,,,0,,,,,03_24_2023,06_17_2023,,,0,,,,,06_17_2023,07_31_2023,,,0,,,,,07_31_2023,09_20_2023,,,0,,,,
1031,16,1031,03_28_2022,07_06_2022,,,0,,,,0.136912714,07_06_2022,08_06_2022,0.259920797,FALSE,0,0.396950489,0.122891106,0.136912714,0.000116977,08_06_2022,08_09_2022,,,0,,,0.000116977,,08_09_2022,08_24_22,,,0,,,,,08_24_22,03_24_2023,,,0,,,,,03_24_2023,06_17_2023,,,0,,,,,06_17_2023,07_31_2023,,,0,,,,0.001602345,07_31_2023,09_20_2023,0.135375729,FALSE,0,0.295683547,0,0.001602345,0.158705474
1032,16,1032,03_28_2022,07_06_2022,,,0,,,,,07_06_2022,08_06_2022,,,0,,,,,08_06_2022,08_09_2022,,,0,,,,,08_09_2022,08_24_22,,,0,,,,,08_24_22,03_24_2023,,,0,,,,,03_24_2023,06_17_2023,,,0,,,,,06_17_2023,07_31_2023,,,0,,,,,07_31_2023,09_20_2023,,,0,,,,
1033,16,1033,03_28_2022,07_06_2022,,,0,,,,,07_06_2022,08_06_2022,,,0,,,,,08_06_2022,08_09_2022,,,0,,,,,08_09_2022,08_24_22,,,0,,,,,08_24_22,03_24_2023,,,0,,,,,03_24_2023,06_17_2023,,,0,,,,,06_17_2023,07_31_2023,,,0,,,,,07_31_2023,09_20_2023,,,0,,,,
1034,16,1034,03_28_2022,07_06_2022,,,0,,,,,07_06_2022,08_06_2022,,,0,,,,,08_06_2022,08_09_2022,,,0,,,,,08_09_2022,08_24_22,,,0,,,,,08_24_22,03_24_2023,,,0,,,,,03_24_2023,06_17_2023,,,0,,,,,06_17_2023,07_31_2023,,,0,,,,,07_31_2023,09_20_2023,,,0,,,,
1021,16,1021,03_28_2022,07_06_2022,,,0,,,,,07_06_2022,08_06_2022,,,0,,,,,08_06_2022,08_09_2022,,,0,,,,,08_09_2022,08_24_22,,,0,,,,,08_24_22,03_24_2023,,,0,,,,,03_24_2023,06_17_2023,,,0,,,,,06_17_2023,07_31_2023,,,0,,,,,07_31_2023,09_20_2023,,,0,,,,
1035,16,1035,03_28_2022,07_06_2022,,,0,,,,,07_06_2022,08_06_2022,,,0,,,,,08_06_2022,08_09_2022,,,0,,,,,08_09_2022,08_24_22,,,0,,,,,08_24_22,03_24_2023,,,0,,,,,03_24_2023,06_17_2023,,,0,,,,,06_17_2023,07_31_2023,,,0,,,,,07_31_2023,09_20_2023,,,0,,,,
1037,16,1037,03_28_2022,07_06_2022,,,0,,,,,07_06_2022,08_06_2022,,,0,,,,,08_06_2022,08_09_2022,,,0,,,,,08_09_2022,08_24_22,,,0,,,,,08_24_22,03_24_2023,,,0,,,,,03_24_2023,06_17_2023,,,0,,,,,06_17_2023,07_31_2023,,,0,,,,,07_31_2023,09_20_2023,,,0,,,,
1038,16,1038,03_28_2022,07_06_2022,,,0,,,,,07_06_2022,08_06_2022,,,0,,,,,08_06_2022,08_09_2022,,,0,,,,,08_09_2022,08_24_22,,,0,,,,,08_24_22,03_24_2023,,,0,,,,,03_24_2023,06_17_2023,,,0,,,,,06_17_2023,07_31_2023,,,0,,,,,07_31_2023,09_20_2023,,,0,,,,
1026,16,1026,03_28_2022,07_06_2022,,,0,,,,0.01665722,07_06_2022,08_06_2022,,,0,,,0.01665722,,08_06_2022,08_09_2022,,,0,,,,0.004842691,08_09_2022,08_24_22,0.035745708,FALSE,0,0.054009314,0.017482102,0.004842691,0.013420915,08_24_22,03_24_2023,0.026172844,TRUE,0.000362501,0.069758555,0,0.013420915,0.030164795,03_24_2023,06_17_2023,,,0,,,0.030164795,,06_17_2023,07_31_2023,,,0,,,,,07_31_2023,09_20_2023,,,0,,,,
1025,16,1025,03_28_2022,07_06_2022,,,0,,,,,07_06_2022,08_06_2022,,,0,,,,,08_06_2022,08_09_2022,,,0,,,,,08_09_2022,08_24_22,,,0,,,,,08_24_22,03_24_2023,,,0,,,,,03_24_2023,06_17_2023,,,0,,,,,06_17_2023,07_31_2023,,,0,,,,,07_31_2023,09_20_2023,,,0,,,,
1024,16,1024,03_28_2022,07_06_2022,,,0,,,,,07_06_2022,08_06_2022,,,0,,,,,08_06_2022,08_09_2022,,,0,,,,,08_09_2022,08_24_22,,,0,,,,,08_24_22,03_24_2023,,,0,,,,,03_24_2023,06_17_2023,,,0,,,,,06_17_2023,07_31_2023,,,0,,,,,07_31_2023,09_20_2023,,,0,,,,
1023,16,1023,03_28_2022,07_06_2022,,,0,,,,,07_06_2022,08_06_2022,,,0,,,,,08_06_2022,08_09_2022,,,0,,,,,08_09_2022,08_24_22,,,0,,,,,08_24_22,03_24_2023,,,0,,,,,03_24_2023,06_17_2023,,,0,,,,,06_17_2023,07_31_2023,,,0,,,,,07_31_2023,09_20_2023,,,0,,,,
1022,16,1022,03_28_2022,07_06_2022,,,0,,,,,07_06_2022,08_06_2022,,,0,,,,,08_06_2022,08_09_2022,,,0,,,,,08_09_2022,08_24_22,,,0,,,,,08_24_22,03_24_2023,,,0,,,,,03_24_2023,06_17_2023,,,0,,,,,06_17_2023,07_31_2023,,,0,,,,,07_31_2023,09_20_2023,,,0,,,,
1015,16,1015,03_28_2022,07_06_2022,,,0,,,,,07_06_2022,08_06_2022,,,0,,,,,08_06_2022,08_09_2022,,,0,,,,,08_09_2022,08_24_22,,,0,,,,,08_24_22,03_24_2023,,,0,,,,,03_24_2023,06_17_2023,,,0,,,,,06_17_2023,07_31_2023,,,0,,,,,07_31_2023,09_20_2023,,,0,,,,
1003,11,1003,03_28_2022,07_06_2022,,,0,,,,,07_06_2022,08_06_2022,,,0,,,,,08_06_2022,08_09_2022,,,0,,,,,08_09_2022,08_24_22,,,0,,,,,08_24_22,03_24_2023,,,0,,,,,03_24_2023,06_17_2023,,,0,,,,,06_17_2023,07_31_2023,,,0,,,,,07_31_2023,09_20_2023,,,0,,,,
1002,11,1002,03_28_2022,07_06_2022,,,0,,,0.035856086,,07_06_2022,08_06_2022,,,0,,,,,08_06_2022,08_09_2022,,,0,,,,,08_09_2022,08_24_22,,,0,,,,0.045289191,08_24_22,03_24_2023,0.106864017,FALSE,0,0.156976596,0.056751438,0.045289191,0.004823389,03_24_2023,06_17_2023,,,0,,,0.004823389,,06_17_2023,07_31_2023,,,0,,,,,07_31_2023,09_20_2023,,,0,,,,
1001,11,1001,03_28_2022,07_06_2022,,,0,,,,,07_06_2022,08_06_2022,,,0,,,,,08_06_2022,08_09_2022,,,0,,,,,08_09_2022,08_24_22,,,0,,,,,08_24_22,03_24_2023,,,0,,,,,03_24_2023,06_17_2023,,,0,,,,,06_17_2023,07_31_2023,,,0,,,,,07_31_2023,09_20_2023,,,0,,,,
